,Male,Partition
000051.jpg,1,0
000052.jpg,1,0
000065.jpg,1,0
000166.jpg,1,0
000198.jpg,0,0
000201.jpg,0,0
000240.jpg,0,0
000282.jpg,1,0
000352.jpg,1,0
000409.jpg,1,0
000414.jpg,1,0
000439.jpg,1,0
000444.jpg,1,0
000474.jpg,1,0
000525.jpg,0,0
000545.jpg,1,0
000559.jpg,1,0
000572.jpg,1,0
000608.jpg,1,0
000653.jpg,0,0
000716.jpg,0,0
000771.jpg,1,0
000798.jpg,1,0
000810.jpg,0,0
000845.jpg,1,0
000858.jpg,1,0
000873.jpg,1,0
000922.jpg,0,0
000989.jpg,0,0
001140.jpg,1,0
001161.jpg,1,0
001218.jpg,0,0
001242.jpg,1,0
001248.jpg,0,0
001256.jpg,1,0
001270.jpg,1,0
001295.jpg,0,0
001401.jpg,1,0
001509.jpg,0,0
001519.jpg,1,0
001613.jpg,1,0
001637.jpg,0,0
001665.jpg,0,0
001708.jpg,0,0
001782.jpg,1,0
001800.jpg,1,0
001894.jpg,0,0
001921.jpg,0,0
001983.jpg,1,0
002085.jpg,0,0
002125.jpg,1,0
002134.jpg,0,0
002150.jpg,1,0
002197.jpg,0,0
002202.jpg,0,0
002223.jpg,1,0
002256.jpg,0,0
002310.jpg,1,0
002362.jpg,0,0
002389.jpg,1,0
002415.jpg,1,0
002427.jpg,0,0
002443.jpg,0,0
002450.jpg,0,0
002456.jpg,1,0
002502.jpg,0,0
002525.jpg,0,0
002527.jpg,0,0
002556.jpg,0,0
002592.jpg,0,0
002598.jpg,1,0
002653.jpg,0,0
002662.jpg,0,0
002663.jpg,0,0
002693.jpg,0,0
002698.jpg,0,0
002747.jpg,1,0
002808.jpg,0,0
002834.jpg,0,0
002903.jpg,0,0
003026.jpg,0,0
003103.jpg,1,0
003148.jpg,0,0
003252.jpg,1,0
003306.jpg,0,0
003354.jpg,0,0
003363.jpg,0,0
003416.jpg,0,0
003427.jpg,0,0
003461.jpg,1,0
003477.jpg,1,0
003516.jpg,1,0
003543.jpg,1,0
003630.jpg,1,0
003632.jpg,0,0
003652.jpg,0,0
003683.jpg,1,0
003747.jpg,1,0
003776.jpg,0,0
003847.jpg,0,0
003928.jpg,1,0
003940.jpg,1,0
003959.jpg,1,0
003976.jpg,0,0
004007.jpg,1,0
004026.jpg,0,0
004109.jpg,1,0
004132.jpg,1,0
004136.jpg,0,0
004174.jpg,0,0
004178.jpg,0,0
004205.jpg,0,0
004311.jpg,0,0
004326.jpg,1,0
004353.jpg,1,0
004405.jpg,0,0
004409.jpg,0,0
004422.jpg,1,0
004449.jpg,1,0
004460.jpg,1,0
004540.jpg,0,0
004557.jpg,0,0
004584.jpg,0,0
004599.jpg,1,0
004623.jpg,0,0
004663.jpg,0,0
004726.jpg,0,0
004728.jpg,1,0
004757.jpg,0,0
004762.jpg,1,0
004779.jpg,0,0
004886.jpg,1,0
005020.jpg,1,0
005089.jpg,0,0
005091.jpg,0,0
005158.jpg,1,0
005249.jpg,1,0
005256.jpg,0,0
005308.jpg,0,0
005334.jpg,0,0
005363.jpg,1,0
005390.jpg,1,0
005406.jpg,0,0
005458.jpg,0,0
005558.jpg,0,0
005594.jpg,0,0
005608.jpg,1,0
005707.jpg,0,0
005722.jpg,0,0
005799.jpg,1,0
005822.jpg,0,0
005851.jpg,1,0
006020.jpg,0,0
006102.jpg,1,0
006107.jpg,0,0
006184.jpg,0,0
006219.jpg,1,0
006236.jpg,0,0
006254.jpg,0,0
006260.jpg,0,0
006386.jpg,1,0
006422.jpg,0,0
006490.jpg,1,0
006511.jpg,0,0
006596.jpg,0,0
006713.jpg,1,0
006764.jpg,0,0
006783.jpg,1,0
006801.jpg,0,0
006825.jpg,1,0
006854.jpg,1,0
006947.jpg,1,0
006949.jpg,1,0
007002.jpg,1,0
007027.jpg,0,0
007032.jpg,0,0
007106.jpg,1,0
007111.jpg,1,0
007119.jpg,1,0
007135.jpg,0,0
007137.jpg,0,0
007145.jpg,1,0
007291.jpg,0,0
007335.jpg,1,0
007357.jpg,0,0
007383.jpg,0,0
007450.jpg,1,0
007484.jpg,0,0
007498.jpg,1,0
007505.jpg,0,0
007538.jpg,0,0
007566.jpg,0,0
007572.jpg,1,0
007573.jpg,1,0
007586.jpg,0,0
007588.jpg,0,0
007609.jpg,0,0
007644.jpg,1,0
007723.jpg,0,0
007725.jpg,0,0
007738.jpg,0,0
007754.jpg,0,0
007875.jpg,0,0
007943.jpg,0,0
008021.jpg,1,0
008038.jpg,1,0
008067.jpg,1,0
008096.jpg,0,0
008126.jpg,1,0
008151.jpg,0,0
008184.jpg,1,0
008185.jpg,0,0
008264.jpg,1,0
008283.jpg,0,0
008294.jpg,0,0
008304.jpg,1,0
008343.jpg,0,0
008412.jpg,1,0
008426.jpg,1,0
008438.jpg,0,0
008488.jpg,1,0
008539.jpg,0,0
008601.jpg,0,0
008639.jpg,1,0
008708.jpg,0,0
008812.jpg,0,0
008880.jpg,1,0
008886.jpg,1,0
008899.jpg,0,0
008921.jpg,1,0
008931.jpg,0,0
008968.jpg,0,0
009102.jpg,0,0
009138.jpg,0,0
009195.jpg,1,0
009238.jpg,0,0
009253.jpg,0,0
009287.jpg,0,0
009295.jpg,1,0
009327.jpg,1,0
009355.jpg,0,0
009376.jpg,0,0
009391.jpg,0,0
009482.jpg,1,0
009593.jpg,1,0
009613.jpg,0,0
009664.jpg,0,0
009722.jpg,0,0
009740.jpg,0,0
009750.jpg,0,0
009781.jpg,0,0
009782.jpg,0,0
009883.jpg,1,0
009920.jpg,0,0
009934.jpg,1,0
009979.jpg,1,0
009997.jpg,1,0
010066.jpg,0,0
010102.jpg,1,0
010124.jpg,0,0
010130.jpg,1,0
010187.jpg,1,0
010242.jpg,1,0
010312.jpg,0,0
010345.jpg,0,0
010447.jpg,1,0
010475.jpg,1,0
010485.jpg,1,0
010509.jpg,0,0
010512.jpg,0,0
010530.jpg,0,0
010539.jpg,0,0
010561.jpg,0,0
010562.jpg,1,0
010713.jpg,0,0
010791.jpg,1,0
010825.jpg,0,0
010852.jpg,1,0
010925.jpg,1,0
010941.jpg,1,0
011027.jpg,1,0
011088.jpg,0,0
011094.jpg,0,0
011108.jpg,0,0
011127.jpg,0,0
011252.jpg,1,0
011262.jpg,0,0
011297.jpg,1,0
011300.jpg,0,0
011316.jpg,1,0
011326.jpg,0,0
011514.jpg,1,0
011529.jpg,1,0
011543.jpg,1,0
011548.jpg,1,0
011628.jpg,1,0
011662.jpg,1,0
011728.jpg,1,0
011770.jpg,0,0
011816.jpg,1,0
011916.jpg,0,0
011946.jpg,1,0
011969.jpg,0,0
011981.jpg,0,0
012046.jpg,1,0
012055.jpg,1,0
012066.jpg,1,0
012102.jpg,0,0
012295.jpg,0,0
012298.jpg,1,0
012354.jpg,0,0
012365.jpg,1,0
012369.jpg,0,0
012408.jpg,0,0
012542.jpg,0,0
012605.jpg,0,0
012653.jpg,0,0
012764.jpg,0,0
012830.jpg,1,0
012878.jpg,0,0
012886.jpg,0,0
012915.jpg,0,0
012930.jpg,0,0
013022.jpg,1,0
013037.jpg,1,0
013041.jpg,0,0
013077.jpg,1,0
013085.jpg,0,0
013091.jpg,1,0
013318.jpg,0,0
013351.jpg,0,0
013392.jpg,1,0
013419.jpg,0,0
013420.jpg,0,0
013503.jpg,1,0
013529.jpg,1,0
013606.jpg,1,0
013726.jpg,0,0
013788.jpg,1,0
013839.jpg,0,0
013953.jpg,0,0
014027.jpg,1,0
014043.jpg,0,0
014062.jpg,0,0
014065.jpg,0,0
014092.jpg,1,0
014098.jpg,0,0
014139.jpg,1,0
014157.jpg,0,0
014269.jpg,0,0
014275.jpg,0,0
014279.jpg,1,0
014306.jpg,0,0
014325.jpg,0,0
014368.jpg,0,0
014390.jpg,1,0
014403.jpg,1,0
014466.jpg,1,0
014541.jpg,0,0
014543.jpg,0,0
014577.jpg,1,0
014682.jpg,0,0
014701.jpg,0,0
014711.jpg,0,0
014731.jpg,1,0
014827.jpg,1,0
014846.jpg,0,0
014908.jpg,0,0
014925.jpg,0,0
014938.jpg,1,0
014950.jpg,0,0
014969.jpg,0,0
015112.jpg,1,0
015163.jpg,0,0
015231.jpg,0,0
015245.jpg,1,0
015267.jpg,0,0
015455.jpg,0,0
015481.jpg,0,0
015606.jpg,1,0
015696.jpg,0,0
015784.jpg,1,0
015799.jpg,0,0
015874.jpg,1,0
015882.jpg,1,0
015907.jpg,0,0
015926.jpg,1,0
015958.jpg,0,0
015965.jpg,1,0
015979.jpg,1,0
016074.jpg,1,0
016075.jpg,1,0
016092.jpg,0,0
016124.jpg,0,0
016160.jpg,0,0
016173.jpg,0,0
016177.jpg,0,0
016217.jpg,1,0
016249.jpg,1,0
016258.jpg,1,0
016359.jpg,1,0
016370.jpg,0,0
016372.jpg,1,0
016406.jpg,1,0
016410.jpg,1,0
016504.jpg,0,0
016514.jpg,0,0
016516.jpg,0,0
016537.jpg,0,0
016605.jpg,0,0
016612.jpg,0,0
016633.jpg,0,0
016646.jpg,0,0
016759.jpg,1,0
016823.jpg,1,0
016848.jpg,1,0
016875.jpg,1,0
017018.jpg,0,0
017023.jpg,0,0
017154.jpg,1,0
017157.jpg,1,0
017191.jpg,1,0
017297.jpg,1,0
017298.jpg,1,0
017324.jpg,1,0
017360.jpg,0,0
017366.jpg,1,0
017438.jpg,0,0
017468.jpg,1,0
017502.jpg,1,0
017512.jpg,1,0
017559.jpg,0,0
017645.jpg,0,0
017656.jpg,0,0
017738.jpg,0,0
017810.jpg,1,0
017966.jpg,1,0
017975.jpg,1,0
017995.jpg,0,0
018035.jpg,0,0
018060.jpg,0,0
018061.jpg,0,0
018102.jpg,1,0
018103.jpg,1,0
018224.jpg,0,0
018263.jpg,1,0
018341.jpg,0,0
018412.jpg,1,0
018428.jpg,0,0
018448.jpg,0,0
018505.jpg,1,0
018536.jpg,0,0
018636.jpg,0,0
018640.jpg,0,0
018646.jpg,0,0
018648.jpg,1,0
018658.jpg,0,0
018730.jpg,0,0
018739.jpg,1,0
018802.jpg,1,0
018891.jpg,1,0
019000.jpg,1,0
019053.jpg,0,0
019082.jpg,1,0
019117.jpg,0,0
019157.jpg,0,0
019169.jpg,1,0
019252.jpg,0,0
019268.jpg,1,0
019271.jpg,1,0
019426.jpg,1,0
019484.jpg,0,0
019504.jpg,1,0
019522.jpg,1,0
019550.jpg,0,0
019560.jpg,0,0
019677.jpg,0,0
019693.jpg,0,0
019721.jpg,0,0
019743.jpg,0,0
019758.jpg,0,0
019814.jpg,1,0
019874.jpg,0,0
019895.jpg,0,0
019959.jpg,0,0
019998.jpg,0,0
020158.jpg,0,0
020254.jpg,0,0
020394.jpg,0,0
020411.jpg,1,0
020470.jpg,1,0
020542.jpg,0,0
020656.jpg,1,0
020708.jpg,0,0
021029.jpg,1,0
021102.jpg,0,0
021161.jpg,1,0
021162.jpg,0,0
021165.jpg,0,0
021185.jpg,1,0
021190.jpg,0,0
021192.jpg,0,0
021228.jpg,0,0
021264.jpg,1,0
021369.jpg,0,0
021380.jpg,0,0
021462.jpg,1,0
021481.jpg,0,0
021487.jpg,0,0
021502.jpg,1,0
021508.jpg,1,0
021521.jpg,1,0
021537.jpg,1,0
021659.jpg,1,0
021675.jpg,1,0
021688.jpg,1,0
021690.jpg,1,0
021722.jpg,1,0
021728.jpg,0,0
021760.jpg,0,0
021796.jpg,0,0
021798.jpg,0,0
021849.jpg,0,0
021882.jpg,0,0
021920.jpg,1,0
021948.jpg,1,0
021962.jpg,0,0
022019.jpg,0,0
022079.jpg,0,0
022086.jpg,1,0
022115.jpg,0,0
022144.jpg,1,0
022156.jpg,0,0
022243.jpg,0,0
022264.jpg,1,0
022369.jpg,1,0
022370.jpg,0,0
022448.jpg,0,0
022449.jpg,0,0
022466.jpg,0,0
022523.jpg,1,0
022566.jpg,0,0
022569.jpg,0,0
022584.jpg,0,0
022589.jpg,1,0
022600.jpg,0,0
022666.jpg,0,0
022672.jpg,0,0
022697.jpg,0,0
022706.jpg,1,0
022764.jpg,1,0
022775.jpg,0,0
022871.jpg,0,0
022960.jpg,1,0
022967.jpg,1,0
023006.jpg,0,0
023013.jpg,0,0
023035.jpg,1,0
023075.jpg,1,0
023080.jpg,0,0
023137.jpg,1,0
023192.jpg,0,0
023484.jpg,0,0
023524.jpg,0,0
023648.jpg,0,0
023668.jpg,0,0
023673.jpg,1,0
023695.jpg,0,0
023719.jpg,0,0
023728.jpg,0,0
023736.jpg,1,0
023788.jpg,0,0
023824.jpg,0,0
023838.jpg,0,0
023957.jpg,0,0
023997.jpg,0,0
024030.jpg,0,0
024069.jpg,0,0
024091.jpg,1,0
024094.jpg,1,0
024111.jpg,1,0
024125.jpg,0,0
024178.jpg,1,0
024241.jpg,0,0
024276.jpg,1,0
024310.jpg,0,0
024388.jpg,1,0
024391.jpg,0,0
024408.jpg,0,0
024417.jpg,0,0
024436.jpg,1,0
024441.jpg,1,0
024473.jpg,1,0
024498.jpg,0,0
024567.jpg,1,0
024582.jpg,1,0
024596.jpg,0,0
024628.jpg,0,0
024645.jpg,0,0
024651.jpg,0,0
024675.jpg,0,0
024703.jpg,0,0
024706.jpg,1,0
024709.jpg,0,0
024775.jpg,0,0
024791.jpg,1,0
024844.jpg,0,0
024846.jpg,0,0
024858.jpg,1,0
024878.jpg,0,0
024882.jpg,0,0
024904.jpg,0,0
024916.jpg,0,0
024924.jpg,1,0
024952.jpg,0,0
025080.jpg,0,0
025101.jpg,0,0
025126.jpg,1,0
025136.jpg,1,0
025139.jpg,1,0
025233.jpg,1,0
025321.jpg,1,0
025333.jpg,1,0
025342.jpg,0,0
025343.jpg,1,0
025345.jpg,0,0
025373.jpg,0,0
025393.jpg,0,0
025413.jpg,1,0
025504.jpg,1,0
025588.jpg,0,0
025630.jpg,1,0
025642.jpg,0,0
025662.jpg,0,0
025676.jpg,1,0
025693.jpg,1,0
025703.jpg,0,0
025727.jpg,1,0
025731.jpg,1,0
025775.jpg,1,0
025808.jpg,0,0
025813.jpg,0,0
025875.jpg,1,0
025877.jpg,1,0
025988.jpg,1,0
025995.jpg,0,0
026041.jpg,0,0
026066.jpg,1,0
026154.jpg,0,0
026267.jpg,0,0
026299.jpg,1,0
026382.jpg,1,0
026391.jpg,0,0
026421.jpg,1,0
026473.jpg,0,0
026492.jpg,0,0
026566.jpg,1,0
026572.jpg,1,0
026590.jpg,0,0
026592.jpg,0,0
026630.jpg,1,0
026811.jpg,1,0
026818.jpg,0,0
026851.jpg,1,0
026898.jpg,1,0
026930.jpg,0,0
026945.jpg,0,0
026985.jpg,0,0
027002.jpg,1,0
027043.jpg,1,0
027076.jpg,1,0
027119.jpg,0,0
027132.jpg,1,0
027139.jpg,0,0
027166.jpg,0,0
027230.jpg,1,0
027238.jpg,0,0
027277.jpg,1,0
027292.jpg,1,0
027359.jpg,0,0
027415.jpg,0,0
027434.jpg,0,0
027459.jpg,0,0
027468.jpg,1,0
027470.jpg,1,0
027481.jpg,0,0
027672.jpg,0,0
027891.jpg,1,0
027966.jpg,1,0
027993.jpg,0,0
027994.jpg,0,0
028000.jpg,0,0
028014.jpg,0,0
028028.jpg,1,0
028038.jpg,0,0
028097.jpg,0,0
028126.jpg,1,0
028131.jpg,1,0
028150.jpg,0,0
028251.jpg,0,0
028284.jpg,0,0
028290.jpg,1,0
028445.jpg,0,0
028467.jpg,0,0
028494.jpg,1,0
028520.jpg,1,0
028612.jpg,0,0
028651.jpg,1,0
028665.jpg,1,0
028684.jpg,0,0
028730.jpg,1,0
028740.jpg,1,0
028768.jpg,1,0
028872.jpg,0,0
028876.jpg,0,0
028889.jpg,0,0
028894.jpg,1,0
028972.jpg,0,0
029005.jpg,0,0
029163.jpg,0,0
029211.jpg,1,0
029328.jpg,1,0
029337.jpg,1,0
029399.jpg,1,0
029409.jpg,0,0
029511.jpg,0,0
029623.jpg,1,0
029631.jpg,0,0
029649.jpg,0,0
029670.jpg,0,0
029701.jpg,0,0
029732.jpg,1,0
029736.jpg,1,0
029738.jpg,0,0
029806.jpg,0,0
029814.jpg,1,0
029860.jpg,1,0
029926.jpg,0,0
029954.jpg,1,0
029967.jpg,1,0
030013.jpg,0,0
030048.jpg,1,0
030087.jpg,0,0
030223.jpg,1,0
030253.jpg,0,0
030263.jpg,0,0
030340.jpg,0,0
030379.jpg,0,0
030446.jpg,1,0
030448.jpg,0,0
030463.jpg,0,0
030484.jpg,1,0
030546.jpg,0,0
030560.jpg,0,0
030561.jpg,1,0
030577.jpg,0,0
030584.jpg,0,0
030644.jpg,0,0
030655.jpg,0,0
030700.jpg,0,0
030742.jpg,0,0
030774.jpg,0,0
030797.jpg,0,0
030819.jpg,0,0
030830.jpg,1,0
030922.jpg,0,0
030935.jpg,0,0
030938.jpg,0,0
031016.jpg,0,0
031020.jpg,0,0
031132.jpg,0,0
031139.jpg,1,0
031264.jpg,0,0
031272.jpg,1,0
031273.jpg,0,0
031292.jpg,1,0
031335.jpg,1,0
031417.jpg,0,0
031499.jpg,0,0
031518.jpg,0,0
031520.jpg,0,0
031605.jpg,0,0
031715.jpg,1,0
031724.jpg,1,0
031729.jpg,0,0
031738.jpg,1,0
031766.jpg,0,0
031792.jpg,0,0
031808.jpg,1,0
031842.jpg,0,0
032036.jpg,0,0
032102.jpg,0,0
032153.jpg,0,0
032164.jpg,1,0
032179.jpg,0,0
032200.jpg,1,0
032211.jpg,0,0
032274.jpg,0,0
032310.jpg,0,0
032352.jpg,1,0
032356.jpg,0,0
032400.jpg,1,0
032533.jpg,0,0
032541.jpg,0,0
032575.jpg,1,0
032626.jpg,0,0
032748.jpg,0,0
032752.jpg,0,0
032794.jpg,0,0
032867.jpg,0,0
032881.jpg,0,0
032911.jpg,0,0
032960.jpg,0,0
032966.jpg,0,0
033080.jpg,1,0
033196.jpg,0,0
033200.jpg,0,0
033237.jpg,0,0
033251.jpg,0,0
033348.jpg,0,0
033412.jpg,0,0
033436.jpg,0,0
033448.jpg,0,0
033501.jpg,1,0
033580.jpg,0,0
033599.jpg,0,0
033651.jpg,0,0
033687.jpg,1,0
033697.jpg,1,0
033699.jpg,1,0
033764.jpg,1,0
033798.jpg,1,0
033826.jpg,1,0
033833.jpg,0,0
033857.jpg,0,0
034063.jpg,0,0
034083.jpg,1,0
034093.jpg,1,0
034132.jpg,0,0
034227.jpg,0,0
034244.jpg,1,0
034254.jpg,0,0
034284.jpg,1,0
034317.jpg,1,0
034371.jpg,0,0
034520.jpg,0,0
034553.jpg,1,0
034594.jpg,0,0
034676.jpg,0,0
034681.jpg,0,0
034741.jpg,1,0
034757.jpg,1,0
034795.jpg,0,0
034817.jpg,0,0
034850.jpg,0,0
034919.jpg,1,0
034966.jpg,1,0
034982.jpg,0,0
035037.jpg,1,0
035039.jpg,0,0
035059.jpg,0,0
035062.jpg,0,0
035083.jpg,0,0
035084.jpg,1,0
035158.jpg,0,0
035166.jpg,0,0
035174.jpg,0,0
035250.jpg,0,0
035265.jpg,0,0
035286.jpg,1,0
035353.jpg,0,0
035377.jpg,1,0
035380.jpg,0,0
035407.jpg,0,0
035562.jpg,0,0
035576.jpg,0,0
035593.jpg,1,0
035690.jpg,1,0
035801.jpg,0,0
035810.jpg,0,0
035840.jpg,1,0
035964.jpg,0,0
036090.jpg,1,0
036141.jpg,0,0
036247.jpg,0,0
036300.jpg,0,0
036341.jpg,1,0
036412.jpg,0,0
036415.jpg,0,0
036521.jpg,1,0
036558.jpg,0,0
036589.jpg,0,0
036669.jpg,0,0
036679.jpg,1,0
036714.jpg,0,0
036770.jpg,1,0
036793.jpg,1,0
036799.jpg,1,0
036824.jpg,0,0
036840.jpg,1,0
036842.jpg,0,0
036907.jpg,1,0
036943.jpg,1,0
037043.jpg,0,0
037061.jpg,1,0
037121.jpg,0,0
037132.jpg,0,0
037143.jpg,0,0
037168.jpg,0,0
037188.jpg,0,0
037224.jpg,1,0
037274.jpg,0,0
037295.jpg,0,0
037361.jpg,0,0
037368.jpg,1,0
037369.jpg,1,0
037371.jpg,0,0
037398.jpg,1,0
037429.jpg,1,0
037461.jpg,1,0
037469.jpg,1,0
037476.jpg,0,0
037637.jpg,1,0
037638.jpg,1,0
037644.jpg,1,0
037682.jpg,0,0
037686.jpg,0,0
037733.jpg,0,0
037763.jpg,0,0
037766.jpg,1,0
037804.jpg,0,0
037857.jpg,1,0
037874.jpg,1,0
037938.jpg,1,0
037942.jpg,0,0
037956.jpg,1,0
037961.jpg,1,0
037993.jpg,1,0
038009.jpg,0,0
038030.jpg,1,0
038072.jpg,0,0
038086.jpg,0,0
038111.jpg,1,0
038150.jpg,0,0
038200.jpg,1,0
038208.jpg,0,0
038228.jpg,0,0
038229.jpg,0,0
038299.jpg,1,0
038311.jpg,0,0
038355.jpg,0,0
038415.jpg,0,0
038428.jpg,1,0
038438.jpg,1,0
038447.jpg,0,0
038459.jpg,0,0
038462.jpg,0,0
038477.jpg,0,0
038577.jpg,0,0
038606.jpg,0,0
038631.jpg,0,0
038681.jpg,0,0
038684.jpg,0,0
038747.jpg,0,0
038765.jpg,1,0
038770.jpg,1,0
038775.jpg,0,0
038818.jpg,1,0
038856.jpg,0,0
038871.jpg,1,0
038892.jpg,1,0
038917.jpg,0,0
038974.jpg,1,0
038998.jpg,0,0
039055.jpg,1,0
039075.jpg,0,0
039140.jpg,0,0
039213.jpg,0,0
039238.jpg,1,0
039267.jpg,1,0
039374.jpg,1,0
039391.jpg,1,0
039418.jpg,0,0
039511.jpg,0,0
039520.jpg,0,0
039537.jpg,0,0
039552.jpg,0,0
039594.jpg,0,0
039600.jpg,0,0
039656.jpg,1,0
039657.jpg,0,0
039753.jpg,0,0
039762.jpg,1,0
039801.jpg,0,0
039836.jpg,0,0
039870.jpg,1,0
039876.jpg,1,0
039895.jpg,0,0
039905.jpg,0,0
039923.jpg,0,0
039970.jpg,1,0
039991.jpg,0,0
040054.jpg,1,0
040117.jpg,1,0
040124.jpg,1,0
040126.jpg,0,0
040272.jpg,0,0
040276.jpg,0,0
040313.jpg,0,0
040334.jpg,1,0
040335.jpg,0,0
040393.jpg,1,0
040447.jpg,0,0
040454.jpg,1,0
040480.jpg,0,0
040504.jpg,1,0
040585.jpg,0,0
040599.jpg,0,0
040618.jpg,0,0
040729.jpg,0,0
040755.jpg,1,0
040859.jpg,0,0
040920.jpg,1,0
040937.jpg,1,0
040956.jpg,0,0
040978.jpg,0,0
041032.jpg,1,0
041050.jpg,1,0
041200.jpg,0,0
041252.jpg,0,0
041283.jpg,1,0
041403.jpg,1,0
041412.jpg,1,0
041437.jpg,1,0
041530.jpg,0,0
041537.jpg,1,0
041576.jpg,0,0
041622.jpg,1,0
041626.jpg,0,0
041676.jpg,0,0
041717.jpg,1,0
041731.jpg,0,0
041858.jpg,0,0
041980.jpg,0,0
042013.jpg,1,0
042028.jpg,1,0
042038.jpg,0,0
042134.jpg,0,0
042238.jpg,1,0
042273.jpg,0,0
042304.jpg,0,0
042309.jpg,0,0
042330.jpg,0,0
042371.jpg,1,0
042392.jpg,0,0
042410.jpg,1,0
042425.jpg,0,0
042439.jpg,1,0
042489.jpg,0,0
042579.jpg,1,0
042627.jpg,0,0
042681.jpg,1,0
042700.jpg,0,0
042728.jpg,0,0
042853.jpg,0,0
042861.jpg,1,0
042873.jpg,1,0
042877.jpg,1,0
042911.jpg,0,0
042927.jpg,0,0
043013.jpg,0,0
043125.jpg,0,0
043185.jpg,0,0
043201.jpg,0,0
043228.jpg,0,0
043233.jpg,0,0
043299.jpg,1,0
043308.jpg,0,0
043352.jpg,0,0
043398.jpg,0,0
043504.jpg,0,0
043564.jpg,0,0
043565.jpg,0,0
043592.jpg,0,0
043613.jpg,1,0
043616.jpg,0,0
043643.jpg,1,0
043647.jpg,0,0
043861.jpg,1,0
043946.jpg,0,0
044070.jpg,0,0
044134.jpg,1,0
044254.jpg,1,0
044256.jpg,0,0
044271.jpg,0,0
044273.jpg,0,0
044276.jpg,1,0
044380.jpg,1,0
044587.jpg,0,0
044592.jpg,0,0
044629.jpg,0,0
044672.jpg,0,0
044721.jpg,1,0
044760.jpg,0,0
044800.jpg,1,0
044839.jpg,0,0
044870.jpg,1,0
044892.jpg,0,0
044908.jpg,0,0
044920.jpg,1,0
044930.jpg,0,0
044940.jpg,0,0
044998.jpg,0,0
045011.jpg,1,0
045018.jpg,0,0
045130.jpg,0,0
045137.jpg,1,0
045225.jpg,0,0
045288.jpg,0,0
045329.jpg,0,0
045337.jpg,0,0
045371.jpg,0,0
045538.jpg,1,0
045545.jpg,0,0
045553.jpg,0,0
045572.jpg,0,0
045585.jpg,1,0
045698.jpg,0,0
045745.jpg,1,0
045785.jpg,0,0
045793.jpg,1,0
045809.jpg,0,0
045840.jpg,0,0
045864.jpg,1,0
045873.jpg,1,0
045903.jpg,1,0
045930.jpg,0,0
045944.jpg,0,0
045958.jpg,1,0
045994.jpg,0,0
046040.jpg,0,0
046123.jpg,0,0
046127.jpg,1,0
046162.jpg,1,0
046271.jpg,0,0
046276.jpg,1,0
046299.jpg,0,0
046326.jpg,1,0
046344.jpg,1,0
046347.jpg,1,0
046376.jpg,0,0
046420.jpg,0,0
046479.jpg,1,0
046483.jpg,1,0
046491.jpg,0,0
046556.jpg,1,0
046568.jpg,1,0
046677.jpg,0,0
046706.jpg,0,0
046748.jpg,0,0
046763.jpg,0,0
046782.jpg,1,0
046788.jpg,1,0
046845.jpg,1,0
046924.jpg,0,0
046979.jpg,1,0
047021.jpg,0,0
047100.jpg,0,0
047121.jpg,0,0
047173.jpg,0,0
047315.jpg,0,0
047346.jpg,0,0
047406.jpg,0,0
047418.jpg,0,0
047458.jpg,0,0
047545.jpg,1,0
047575.jpg,1,0
047579.jpg,1,0
047597.jpg,1,0
047625.jpg,0,0
047699.jpg,0,0
047700.jpg,0,0
047719.jpg,0,0
047758.jpg,0,0
047763.jpg,1,0
047786.jpg,1,0
047845.jpg,1,0
047854.jpg,1,0
047875.jpg,0,0
047929.jpg,1,0
047947.jpg,0,0
047948.jpg,0,0
047956.jpg,1,0
047964.jpg,1,0
047977.jpg,0,0
047987.jpg,0,0
047989.jpg,1,0
048113.jpg,0,0
048132.jpg,0,0
048139.jpg,1,0
048167.jpg,1,0
048272.jpg,0,0
048275.jpg,0,0
048309.jpg,0,0
048331.jpg,0,0
048411.jpg,0,0
048452.jpg,0,0
048527.jpg,0,0
048567.jpg,0,0
048669.jpg,0,0
048705.jpg,0,0
048867.jpg,1,0
048869.jpg,0,0
048883.jpg,0,0
048942.jpg,0,0
049030.jpg,0,0
049073.jpg,0,0
049137.jpg,1,0
049156.jpg,1,0
049173.jpg,1,0
049204.jpg,0,0
049231.jpg,1,0
049294.jpg,1,0
049312.jpg,0,0
049321.jpg,0,0
049353.jpg,0,0
049355.jpg,0,0
049379.jpg,0,0
049428.jpg,0,0
049516.jpg,1,0
049525.jpg,0,0
049645.jpg,0,0
049646.jpg,1,0
049681.jpg,0,0
049873.jpg,1,0
049886.jpg,0,0
049952.jpg,1,0
049971.jpg,0,0
049986.jpg,0,0
050012.jpg,1,0
050030.jpg,0,0
050037.jpg,0,0
050076.jpg,1,0
050157.jpg,1,0
050177.jpg,0,0
050182.jpg,1,0
050291.jpg,0,0
050316.jpg,1,0
050322.jpg,0,0
050357.jpg,1,0
050362.jpg,1,0
050386.jpg,0,0
050473.jpg,1,0
050526.jpg,1,0
050553.jpg,1,0
050628.jpg,1,0
050751.jpg,0,0
050755.jpg,0,0
050791.jpg,1,0
050821.jpg,0,0
050909.jpg,0,0
051005.jpg,1,0
051027.jpg,1,0
051029.jpg,0,0
051072.jpg,1,0
051201.jpg,1,0
051208.jpg,1,0
051223.jpg,0,0
051323.jpg,1,0
051361.jpg,0,0
051384.jpg,0,0
051399.jpg,1,0
051543.jpg,0,0
051682.jpg,0,0
051742.jpg,1,0
051761.jpg,0,0
051939.jpg,1,0
051944.jpg,0,0
051961.jpg,0,0
052116.jpg,1,0
052153.jpg,0,0
052226.jpg,0,0
052328.jpg,1,0
052405.jpg,0,0
052411.jpg,0,0
052438.jpg,1,0
052528.jpg,1,0
052536.jpg,0,0
052604.jpg,0,0
052656.jpg,0,0
052681.jpg,0,0
052692.jpg,1,0
052719.jpg,1,0
052720.jpg,1,0
052752.jpg,1,0
052792.jpg,1,0
052853.jpg,0,0
052977.jpg,0,0
052992.jpg,0,0
053074.jpg,1,0
053216.jpg,1,0
053250.jpg,0,0
053268.jpg,0,0
053297.jpg,1,0
053299.jpg,0,0
053309.jpg,1,0
053317.jpg,0,0
053461.jpg,1,0
053538.jpg,0,0
053567.jpg,0,0
053583.jpg,0,0
053666.jpg,0,0
053736.jpg,0,0
053801.jpg,1,0
053923.jpg,0,0
053957.jpg,1,0
054085.jpg,0,0
054180.jpg,0,0
054197.jpg,0,0
054207.jpg,0,0
054217.jpg,0,0
054274.jpg,0,0
054282.jpg,1,0
054324.jpg,0,0
054447.jpg,0,0
054462.jpg,0,0
054467.jpg,1,0
054469.jpg,1,0
054503.jpg,0,0
054564.jpg,1,0
054568.jpg,0,0
054578.jpg,0,0
054627.jpg,1,0
054644.jpg,0,0
054665.jpg,0,0
054677.jpg,1,0
054747.jpg,1,0
054878.jpg,1,0
054880.jpg,0,0
054890.jpg,0,0
054920.jpg,0,0
054973.jpg,0,0
054985.jpg,0,0
055002.jpg,1,0
055053.jpg,0,0
055066.jpg,0,0
055107.jpg,1,0
055124.jpg,0,0
055130.jpg,1,0
055142.jpg,1,0
055153.jpg,0,0
055159.jpg,1,0
055187.jpg,0,0
055203.jpg,0,0
055225.jpg,0,0
055285.jpg,0,0
055348.jpg,0,0
055637.jpg,0,0
055652.jpg,0,0
055804.jpg,0,0
055877.jpg,0,0
055966.jpg,1,0
055990.jpg,1,0
055995.jpg,1,0
055999.jpg,0,0
056102.jpg,0,0
056155.jpg,1,0
056163.jpg,0,0
056210.jpg,1,0
056220.jpg,0,0
056223.jpg,1,0
056243.jpg,0,0
056303.jpg,1,0
056385.jpg,0,0
056429.jpg,0,0
056523.jpg,1,0
056540.jpg,0,0
056607.jpg,0,0
056646.jpg,0,0
056682.jpg,0,0
056710.jpg,0,0
056851.jpg,0,0
056890.jpg,1,0
056933.jpg,0,0
057068.jpg,0,0
057142.jpg,0,0
057187.jpg,1,0
057203.jpg,0,0
057340.jpg,1,0
057341.jpg,1,0
057354.jpg,0,0
057381.jpg,0,0
057422.jpg,0,0
057425.jpg,1,0
057431.jpg,0,0
057465.jpg,1,0
057476.jpg,0,0
057589.jpg,0,0
057654.jpg,0,0
057704.jpg,0,0
057742.jpg,0,0
057750.jpg,1,0
057759.jpg,1,0
057801.jpg,0,0
057833.jpg,1,0
057844.jpg,0,0
057851.jpg,1,0
057853.jpg,0,0
057871.jpg,1,0
057892.jpg,0,0
057903.jpg,0,0
057945.jpg,1,0
057979.jpg,0,0
058102.jpg,1,0
058120.jpg,0,0
058121.jpg,1,0
058125.jpg,0,0
058252.jpg,0,0
058261.jpg,1,0
058270.jpg,0,0
058288.jpg,0,0
058333.jpg,1,0
058421.jpg,1,0
058490.jpg,1,0
058521.jpg,0,0
058533.jpg,0,0
058545.jpg,0,0
058561.jpg,1,0
058577.jpg,0,0
058585.jpg,0,0
058588.jpg,0,0
058670.jpg,0,0
058720.jpg,1,0
058758.jpg,1,0
058760.jpg,0,0
058854.jpg,1,0
058924.jpg,1,0
058934.jpg,1,0
058986.jpg,1,0
059005.jpg,0,0
059060.jpg,0,0
059064.jpg,1,0
059089.jpg,1,0
059107.jpg,1,0
059148.jpg,1,0
059193.jpg,1,0
059215.jpg,0,0
059241.jpg,0,0
059280.jpg,0,0
059282.jpg,0,0
059284.jpg,1,0
059328.jpg,0,0
059406.jpg,0,0
059454.jpg,0,0
059470.jpg,1,0
059472.jpg,0,0
059483.jpg,0,0
059518.jpg,0,0
059576.jpg,0,0
059610.jpg,0,0
059629.jpg,1,0
059668.jpg,0,0
059695.jpg,0,0
059708.jpg,1,0
059775.jpg,1,0
059778.jpg,1,0
059799.jpg,0,0
059800.jpg,1,0
059838.jpg,1,0
059897.jpg,0,0
059911.jpg,1,0
059919.jpg,0,0
059939.jpg,1,0
060082.jpg,0,0
060110.jpg,0,0
060115.jpg,0,0
060181.jpg,1,0
060315.jpg,0,0
060434.jpg,0,0
060519.jpg,0,0
060532.jpg,1,0
060543.jpg,1,0
060560.jpg,1,0
060565.jpg,1,0
060587.jpg,0,0
060602.jpg,0,0
060612.jpg,1,0
060613.jpg,0,0
060621.jpg,0,0
060623.jpg,1,0
060648.jpg,0,0
060704.jpg,1,0
060756.jpg,1,0
060774.jpg,0,0
060775.jpg,0,0
060808.jpg,1,0
060851.jpg,0,0
060888.jpg,0,0
060912.jpg,0,0
060942.jpg,0,0
060954.jpg,0,0
060965.jpg,1,0
060982.jpg,0,0
061021.jpg,1,0
061153.jpg,0,0
061162.jpg,0,0
061233.jpg,0,0
061307.jpg,1,0
061331.jpg,0,0
061343.jpg,1,0
061365.jpg,0,0
061419.jpg,1,0
061465.jpg,1,0
061474.jpg,1,0
061502.jpg,1,0
061520.jpg,0,0
061544.jpg,1,0
061547.jpg,0,0
061556.jpg,1,0
061568.jpg,1,0
061606.jpg,0,0
061642.jpg,1,0
061667.jpg,0,0
061687.jpg,0,0
061689.jpg,0,0
061712.jpg,1,0
061748.jpg,0,0
061958.jpg,1,0
062003.jpg,1,0
062011.jpg,0,0
062024.jpg,1,0
062085.jpg,0,0
062128.jpg,1,0
062130.jpg,0,0
062158.jpg,0,0
062175.jpg,1,0
062184.jpg,1,0
062309.jpg,1,0
062421.jpg,1,0
062476.jpg,0,0
062477.jpg,0,0
062523.jpg,0,0
062525.jpg,0,0
062527.jpg,0,0
062557.jpg,0,0
062643.jpg,0,0
062715.jpg,1,0
062723.jpg,1,0
062729.jpg,1,0
062745.jpg,0,0
062779.jpg,0,0
062795.jpg,1,0
062807.jpg,0,0
062836.jpg,0,0
062870.jpg,0,0
062909.jpg,0,0
062914.jpg,1,0
062950.jpg,0,0
062954.jpg,1,0
062972.jpg,0,0
063070.jpg,1,0
063081.jpg,0,0
063115.jpg,0,0
063132.jpg,0,0
063222.jpg,1,0
063278.jpg,1,0
063288.jpg,1,0
063307.jpg,0,0
063328.jpg,0,0
063367.jpg,0,0
063403.jpg,1,0
063434.jpg,0,0
063449.jpg,0,0
063479.jpg,1,0
063522.jpg,0,0
063523.jpg,0,0
063552.jpg,1,0
063585.jpg,0,0
063600.jpg,0,0
063644.jpg,0,0
063655.jpg,1,0
063663.jpg,0,0
063669.jpg,0,0
063679.jpg,1,0
063683.jpg,1,0
063685.jpg,0,0
063709.jpg,0,0
063747.jpg,1,0
063752.jpg,1,0
063816.jpg,1,0
063917.jpg,0,0
063926.jpg,0,0
063956.jpg,1,0
064011.jpg,1,0
064041.jpg,0,0
064078.jpg,1,0
064101.jpg,1,0
064183.jpg,1,0
064229.jpg,0,0
064245.jpg,0,0
064250.jpg,1,0
064271.jpg,1,0
064362.jpg,1,0
064371.jpg,0,0
064489.jpg,0,0
064537.jpg,0,0
064550.jpg,0,0
064586.jpg,0,0
064613.jpg,1,0
064697.jpg,0,0
064932.jpg,0,0
064946.jpg,1,0
064949.jpg,0,0
064966.jpg,1,0
064989.jpg,0,0
064995.jpg,0,0
065111.jpg,0,0
065135.jpg,0,0
065140.jpg,1,0
065243.jpg,1,0
065379.jpg,1,0
065387.jpg,1,0
065421.jpg,1,0
065432.jpg,0,0
065489.jpg,0,0
065674.jpg,1,0
065689.jpg,0,0
065728.jpg,0,0
065738.jpg,1,0
065743.jpg,1,0
065754.jpg,0,0
065823.jpg,1,0
065878.jpg,1,0
065934.jpg,0,0
065947.jpg,1,0
065955.jpg,1,0
066016.jpg,1,0
066057.jpg,0,0
066059.jpg,0,0
066118.jpg,0,0
066130.jpg,0,0
066174.jpg,1,0
066228.jpg,1,0
066290.jpg,1,0
066337.jpg,0,0
066344.jpg,1,0
066389.jpg,0,0
066404.jpg,0,0
066409.jpg,1,0
066455.jpg,0,0
066469.jpg,0,0
066514.jpg,0,0
066528.jpg,0,0
066575.jpg,0,0
066781.jpg,0,0
066796.jpg,1,0
066872.jpg,0,0
066913.jpg,1,0
067010.jpg,0,0
067072.jpg,1,0
067123.jpg,0,0
067157.jpg,1,0
067158.jpg,1,0
067227.jpg,1,0
067272.jpg,0,0
067276.jpg,0,0
067292.jpg,0,0
067296.jpg,1,0
067308.jpg,0,0
067344.jpg,0,0
067356.jpg,0,0
067378.jpg,0,0
067425.jpg,0,0
067429.jpg,1,0
067452.jpg,1,0
067457.jpg,0,0
067477.jpg,0,0
067593.jpg,1,0
067601.jpg,0,0
067625.jpg,0,0
067626.jpg,0,0
067656.jpg,1,0
067695.jpg,1,0
067830.jpg,1,0
067835.jpg,0,0
067844.jpg,0,0
067885.jpg,0,0
067932.jpg,0,0
067983.jpg,0,0
068032.jpg,1,0
068067.jpg,0,0
068073.jpg,1,0
068084.jpg,1,0
068228.jpg,1,0
068266.jpg,0,0
068280.jpg,0,0
068292.jpg,1,0
068345.jpg,0,0
068396.jpg,0,0
068421.jpg,0,0
068500.jpg,0,0
068523.jpg,1,0
068583.jpg,1,0
068770.jpg,0,0
068830.jpg,0,0
068856.jpg,1,0
068867.jpg,0,0
068871.jpg,0,0
068929.jpg,0,0
068990.jpg,0,0
069051.jpg,0,0
069071.jpg,0,0
069102.jpg,0,0
069109.jpg,0,0
069140.jpg,0,0
069216.jpg,0,0
069223.jpg,1,0
069247.jpg,1,0
069328.jpg,0,0
069374.jpg,1,0
069393.jpg,0,0
069424.jpg,0,0
069428.jpg,1,0
069430.jpg,0,0
069447.jpg,1,0
069461.jpg,1,0
069524.jpg,0,0
069579.jpg,0,0
069601.jpg,0,0
069614.jpg,1,0
069683.jpg,1,0
069709.jpg,0,0
069732.jpg,1,0
069799.jpg,1,0
069813.jpg,0,0
069922.jpg,1,0
069983.jpg,1,0
070015.jpg,1,0
070021.jpg,0,0
070025.jpg,1,0
070046.jpg,0,0
070089.jpg,0,0
070129.jpg,0,0
070163.jpg,0,0
070203.jpg,0,0
070211.jpg,1,0
070212.jpg,1,0
070227.jpg,0,0
070287.jpg,0,0
070310.jpg,1,0
070316.jpg,0,0
070350.jpg,1,0
070409.jpg,1,0
070420.jpg,1,0
070428.jpg,1,0
070430.jpg,0,0
070488.jpg,0,0
070652.jpg,1,0
070695.jpg,0,0
070811.jpg,1,0
070826.jpg,0,0
070857.jpg,0,0
070893.jpg,0,0
070920.jpg,1,0
071093.jpg,0,0
071123.jpg,1,0
071136.jpg,0,0
071231.jpg,0,0
071305.jpg,1,0
071311.jpg,0,0
071335.jpg,1,0
071385.jpg,1,0
071477.jpg,0,0
071482.jpg,1,0
071517.jpg,0,0
071527.jpg,1,0
071551.jpg,0,0
071569.jpg,0,0
071575.jpg,0,0
071576.jpg,0,0
071612.jpg,1,0
071615.jpg,1,0
071648.jpg,0,0
071654.jpg,0,0
071671.jpg,0,0
071786.jpg,0,0
071847.jpg,1,0
071861.jpg,0,0
071879.jpg,1,0
071905.jpg,0,0
072032.jpg,1,0
072090.jpg,1,0
072095.jpg,0,0
072138.jpg,1,0
072139.jpg,1,0
072186.jpg,0,0
072289.jpg,0,0
072303.jpg,0,0
072341.jpg,1,0
072347.jpg,0,0
072368.jpg,0,0
072388.jpg,0,0
072424.jpg,0,0
072437.jpg,1,0
072443.jpg,1,0
072464.jpg,0,0
072529.jpg,0,0
072590.jpg,0,0
072607.jpg,1,0
072620.jpg,0,0
072641.jpg,0,0
072653.jpg,1,0
072659.jpg,1,0
072687.jpg,0,0
072719.jpg,0,0
072731.jpg,0,0
072743.jpg,0,0
072768.jpg,0,0
072813.jpg,1,0
072921.jpg,1,0
072922.jpg,0,0
072976.jpg,0,0
073023.jpg,1,0
073063.jpg,0,0
073082.jpg,1,0
073111.jpg,0,0
073214.jpg,0,0
073237.jpg,0,0
073255.jpg,1,0
073418.jpg,0,0
073457.jpg,0,0
073508.jpg,0,0
073620.jpg,1,0
073622.jpg,0,0
073655.jpg,0,0
073685.jpg,1,0
073719.jpg,1,0
073724.jpg,1,0
073746.jpg,1,0
073796.jpg,0,0
073827.jpg,0,0
073831.jpg,0,0
073913.jpg,1,0
073927.jpg,1,0
073967.jpg,1,0
073981.jpg,1,0
074065.jpg,1,0
074067.jpg,0,0
074149.jpg,1,0
074173.jpg,1,0
074199.jpg,0,0
074246.jpg,0,0
074274.jpg,0,0
074285.jpg,0,0
074373.jpg,1,0
074374.jpg,0,0
074459.jpg,0,0
074485.jpg,1,0
074489.jpg,1,0
074495.jpg,1,0
074516.jpg,0,0
074539.jpg,0,0
074663.jpg,1,0
074668.jpg,0,0
074676.jpg,1,0
074705.jpg,0,0
074822.jpg,1,0
074832.jpg,1,0
074836.jpg,0,0
074839.jpg,1,0
074841.jpg,0,0
074915.jpg,0,0
074984.jpg,0,0
074999.jpg,0,0
075004.jpg,0,0
075012.jpg,1,0
075102.jpg,0,0
075144.jpg,0,0
075148.jpg,1,0
075182.jpg,0,0
075203.jpg,1,0
075204.jpg,1,0
075227.jpg,0,0
075229.jpg,0,0
075258.jpg,0,0
075291.jpg,1,0
075344.jpg,1,0
075366.jpg,1,0
075390.jpg,0,0
075414.jpg,0,0
075425.jpg,0,0
075453.jpg,0,0
075467.jpg,0,0
075504.jpg,0,0
075514.jpg,1,0
075565.jpg,0,0
075672.jpg,0,0
075834.jpg,0,0
075859.jpg,0,0
075976.jpg,1,0
076028.jpg,0,0
076116.jpg,0,0
076160.jpg,1,0
076178.jpg,0,0
076187.jpg,0,0
076258.jpg,0,0
076260.jpg,1,0
076332.jpg,1,0
076385.jpg,1,0
076530.jpg,0,0
076604.jpg,0,0
076626.jpg,1,0
076634.jpg,0,0
076671.jpg,1,0
076733.jpg,0,0
076755.jpg,1,0
076778.jpg,1,0
076789.jpg,0,0
076793.jpg,1,0
076808.jpg,0,0
076809.jpg,1,0
076827.jpg,0,0
077057.jpg,0,0
077111.jpg,1,0
077136.jpg,0,0
077139.jpg,0,0
077160.jpg,1,0
077181.jpg,0,0
077190.jpg,1,0
077255.jpg,1,0
077265.jpg,0,0
077272.jpg,1,0
077322.jpg,1,0
077331.jpg,1,0
077380.jpg,1,0
077401.jpg,0,0
077485.jpg,0,0
077499.jpg,1,0
077526.jpg,0,0
077570.jpg,0,0
077600.jpg,1,0
077610.jpg,1,0
077672.jpg,1,0
077712.jpg,0,0
077738.jpg,1,0
077745.jpg,0,0
077748.jpg,1,0
077817.jpg,0,0
077818.jpg,1,0
077823.jpg,0,0
077847.jpg,0,0
077877.jpg,1,0
077973.jpg,0,0
078004.jpg,1,0
078028.jpg,0,0
078086.jpg,1,0
078164.jpg,0,0
078308.jpg,0,0
078337.jpg,0,0
078375.jpg,0,0
078471.jpg,1,0
078518.jpg,0,0
078519.jpg,1,0
078589.jpg,0,0
078623.jpg,0,0
078634.jpg,0,0
078688.jpg,1,0
078699.jpg,0,0
078700.jpg,1,0
078788.jpg,1,0
078842.jpg,0,0
078881.jpg,0,0
079057.jpg,1,0
079146.jpg,0,0
079163.jpg,0,0
079182.jpg,1,0
079246.jpg,1,0
079328.jpg,0,0
079348.jpg,1,0
079408.jpg,0,0
079471.jpg,0,0
079514.jpg,0,0
079646.jpg,0,0
079720.jpg,0,0
079746.jpg,0,0
079758.jpg,0,0
079805.jpg,1,0
079821.jpg,0,0
079924.jpg,0,0
080002.jpg,0,0
080015.jpg,0,0
080024.jpg,0,0
080077.jpg,1,0
080084.jpg,1,0
080117.jpg,1,0
080190.jpg,1,0
080337.jpg,0,0
080385.jpg,1,0
080458.jpg,1,0
080568.jpg,0,0
080571.jpg,0,0
080575.jpg,0,0
080610.jpg,1,0
080614.jpg,1,0
080655.jpg,0,0
080656.jpg,0,0
080741.jpg,1,0
080748.jpg,0,0
080762.jpg,0,0
080775.jpg,1,0
080842.jpg,1,0
080848.jpg,1,0
080858.jpg,0,0
080873.jpg,0,0
080893.jpg,0,0
080899.jpg,1,0
080968.jpg,1,0
081044.jpg,0,0
081058.jpg,1,0
081062.jpg,1,0
081132.jpg,1,0
081187.jpg,0,0
081274.jpg,1,0
081310.jpg,0,0
081330.jpg,1,0
081374.jpg,1,0
081388.jpg,0,0
081442.jpg,0,0
081444.jpg,0,0
081454.jpg,0,0
081459.jpg,1,0
081460.jpg,0,0
081470.jpg,0,0
081496.jpg,0,0
081551.jpg,1,0
081598.jpg,0,0
081605.jpg,1,0
081606.jpg,0,0
081675.jpg,0,0
081706.jpg,0,0
081726.jpg,0,0
081758.jpg,0,0
081760.jpg,1,0
081807.jpg,1,0
081808.jpg,0,0
081841.jpg,1,0
081846.jpg,0,0
081847.jpg,0,0
081930.jpg,0,0
081995.jpg,1,0
081996.jpg,0,0
082016.jpg,0,0
082100.jpg,0,0
082121.jpg,1,0
082160.jpg,0,0
082186.jpg,0,0
082221.jpg,1,0
082230.jpg,1,0
082244.jpg,0,0
082381.jpg,0,0
082387.jpg,1,0
082443.jpg,0,0
082670.jpg,1,0
082676.jpg,0,0
082681.jpg,0,0
082685.jpg,0,0
082696.jpg,0,0
082706.jpg,1,0
082782.jpg,0,0
082794.jpg,1,0
082884.jpg,0,0
082897.jpg,1,0
082926.jpg,1,0
082981.jpg,0,0
082996.jpg,1,0
083003.jpg,1,0
083069.jpg,1,0
083075.jpg,0,0
083087.jpg,0,0
083180.jpg,1,0
083275.jpg,1,0
083292.jpg,0,0
083326.jpg,0,0
083366.jpg,0,0
083400.jpg,1,0
083406.jpg,0,0
083425.jpg,1,0
083462.jpg,0,0
083581.jpg,0,0
083619.jpg,0,0
083706.jpg,0,0
083780.jpg,1,0
083870.jpg,1,0
083874.jpg,0,0
083880.jpg,0,0
083977.jpg,0,0
083996.jpg,0,0
084026.jpg,0,0
084094.jpg,1,0
084105.jpg,0,0
084146.jpg,0,0
084201.jpg,0,0
084208.jpg,0,0
084211.jpg,0,0
084255.jpg,1,0
084259.jpg,0,0
084268.jpg,1,0
084315.jpg,0,0
084406.jpg,1,0
084478.jpg,1,0
084555.jpg,0,0
084588.jpg,0,0
084728.jpg,0,0
084857.jpg,0,0
084882.jpg,1,0
084910.jpg,1,0
084999.jpg,1,0
085021.jpg,1,0
085023.jpg,1,0
085077.jpg,0,0
085241.jpg,1,0
085250.jpg,0,0
085256.jpg,1,0
085275.jpg,0,0
085327.jpg,0,0
085350.jpg,0,0
085351.jpg,0,0
085356.jpg,0,0
085390.jpg,0,0
085444.jpg,1,0
085453.jpg,1,0
085460.jpg,1,0
085474.jpg,0,0
085487.jpg,1,0
085507.jpg,0,0
085555.jpg,0,0
085589.jpg,1,0
085598.jpg,0,0
085613.jpg,0,0
085700.jpg,0,0
085754.jpg,1,0
085777.jpg,1,0
085786.jpg,0,0
085819.jpg,0,0
085840.jpg,0,0
085893.jpg,1,0
085896.jpg,0,0
085897.jpg,1,0
085927.jpg,1,0
085983.jpg,0,0
086026.jpg,1,0
086036.jpg,0,0
086061.jpg,0,0
086090.jpg,1,0
086142.jpg,0,0
086189.jpg,1,0
086193.jpg,0,0
086201.jpg,0,0
086445.jpg,0,0
086468.jpg,1,0
086471.jpg,0,0
086473.jpg,0,0
086508.jpg,0,0
086516.jpg,0,0
086532.jpg,1,0
086660.jpg,1,0
086739.jpg,0,0
086743.jpg,0,0
086797.jpg,0,0
086814.jpg,0,0
086843.jpg,0,0
086911.jpg,1,0
086978.jpg,0,0
086983.jpg,0,0
086997.jpg,0,0
087012.jpg,1,0
087086.jpg,1,0
087103.jpg,0,0
087165.jpg,1,0
087193.jpg,0,0
087197.jpg,0,0
087212.jpg,1,0
087342.jpg,0,0
087410.jpg,0,0
087416.jpg,0,0
087467.jpg,1,0
087490.jpg,1,0
087530.jpg,1,0
087583.jpg,1,0
087603.jpg,0,0
087675.jpg,0,0
087697.jpg,1,0
087807.jpg,0,0
087841.jpg,0,0
087864.jpg,0,0
087890.jpg,0,0
087992.jpg,0,0
088005.jpg,1,0
088084.jpg,0,0
088085.jpg,1,0
088095.jpg,0,0
088117.jpg,0,0
088136.jpg,1,0
088176.jpg,0,0
088221.jpg,1,0
088225.jpg,0,0
088238.jpg,0,0
088300.jpg,1,0
088319.jpg,1,0
088366.jpg,0,0
088410.jpg,1,0
088461.jpg,0,0
088492.jpg,0,0
088527.jpg,0,0
088548.jpg,0,0
088574.jpg,0,0
088594.jpg,0,0
088611.jpg,0,0
088631.jpg,1,0
088672.jpg,1,0
088686.jpg,0,0
088724.jpg,0,0
088792.jpg,0,0
088866.jpg,0,0
088965.jpg,1,0
089076.jpg,0,0
089089.jpg,1,0
089211.jpg,1,0
089217.jpg,0,0
089219.jpg,0,0
089241.jpg,1,0
089257.jpg,0,0
089315.jpg,0,0
089371.jpg,0,0
089377.jpg,0,0
089457.jpg,0,0
089511.jpg,0,0
089527.jpg,1,0
089565.jpg,1,0
089676.jpg,0,0
089696.jpg,1,0
089734.jpg,0,0
089826.jpg,0,0
089838.jpg,0,0
089936.jpg,1,0
089944.jpg,0,0
089961.jpg,0,0
090007.jpg,1,0
090009.jpg,0,0
090146.jpg,0,0
090164.jpg,0,0
090181.jpg,1,0
090249.jpg,1,0
090286.jpg,1,0
090328.jpg,1,0
090403.jpg,1,0
090418.jpg,1,0
090583.jpg,1,0
090610.jpg,1,0
090613.jpg,0,0
090658.jpg,0,0
090711.jpg,0,0
090726.jpg,0,0
090751.jpg,1,0
090773.jpg,1,0
090878.jpg,0,0
090968.jpg,0,0
090999.jpg,1,0
091005.jpg,0,0
091111.jpg,1,0
091165.jpg,0,0
091177.jpg,1,0
091184.jpg,0,0
091219.jpg,0,0
091234.jpg,0,0
091331.jpg,1,0
091354.jpg,1,0
091358.jpg,1,0
091368.jpg,0,0
091380.jpg,1,0
091505.jpg,0,0
091578.jpg,0,0
091616.jpg,1,0
091620.jpg,1,0
091632.jpg,0,0
091642.jpg,1,0
091643.jpg,1,0
091707.jpg,0,0
091710.jpg,0,0
091726.jpg,0,0
091761.jpg,0,0
091826.jpg,0,0
091843.jpg,0,0
091853.jpg,0,0
091965.jpg,1,0
091976.jpg,0,0
091988.jpg,0,0
092023.jpg,1,0
092026.jpg,0,0
092029.jpg,0,0
092043.jpg,0,0
092064.jpg,0,0
092093.jpg,0,0
092210.jpg,1,0
092234.jpg,0,0
092239.jpg,0,0
092252.jpg,1,0
092400.jpg,1,0
092403.jpg,0,0
092445.jpg,0,0
092481.jpg,1,0
092545.jpg,0,0
092548.jpg,0,0
092551.jpg,1,0
092561.jpg,1,0
092562.jpg,0,0
092574.jpg,1,0
092605.jpg,1,0
092630.jpg,1,0
092734.jpg,0,0
092793.jpg,0,0
092804.jpg,1,0
092932.jpg,0,0
092966.jpg,1,0
093002.jpg,0,0
093015.jpg,0,0
093110.jpg,0,0
093122.jpg,0,0
093176.jpg,0,0
093185.jpg,1,0
093213.jpg,1,0
093251.jpg,1,0
093260.jpg,0,0
093280.jpg,1,0
093294.jpg,1,0
093346.jpg,1,0
093419.jpg,1,0
093459.jpg,0,0
093469.jpg,0,0
093542.jpg,0,0
093552.jpg,0,0
093565.jpg,1,0
093636.jpg,0,0
093666.jpg,0,0
093675.jpg,1,0
093710.jpg,1,0
093805.jpg,0,0
093856.jpg,1,0
093870.jpg,1,0
093928.jpg,0,0
093931.jpg,1,0
093979.jpg,0,0
094001.jpg,0,0
094003.jpg,0,0
094009.jpg,0,0
094024.jpg,0,0
094049.jpg,0,0
094089.jpg,0,0
094108.jpg,1,0
094141.jpg,1,0
094145.jpg,0,0
094222.jpg,0,0
094223.jpg,1,0
094274.jpg,1,0
094352.jpg,0,0
094361.jpg,1,0
094417.jpg,0,0
094473.jpg,0,0
094489.jpg,0,0
094601.jpg,0,0
094617.jpg,0,0
094746.jpg,0,0
094751.jpg,0,0
094784.jpg,1,0
094846.jpg,0,0
094850.jpg,0,0
094864.jpg,0,0
094914.jpg,1,0
094915.jpg,1,0
094946.jpg,0,0
095034.jpg,0,0
095178.jpg,0,0
095311.jpg,0,0
095327.jpg,0,0
095372.jpg,0,0
095378.jpg,1,0
095398.jpg,0,0
095426.jpg,0,0
095456.jpg,0,0
095474.jpg,0,0
095480.jpg,0,0
095487.jpg,0,0
095534.jpg,1,0
095574.jpg,0,0
095725.jpg,1,0
095867.jpg,0,0
095881.jpg,1,0
095887.jpg,0,0
095896.jpg,0,0
095920.jpg,1,0
095924.jpg,1,0
095962.jpg,0,0
095965.jpg,0,0
095985.jpg,0,0
095987.jpg,1,0
096011.jpg,1,0
096108.jpg,1,0
096120.jpg,0,0
096125.jpg,0,0
096134.jpg,0,0
096135.jpg,1,0
096167.jpg,1,0
096168.jpg,0,0
096178.jpg,1,0
096185.jpg,1,0
096196.jpg,1,0
096261.jpg,1,0
096301.jpg,0,0
096347.jpg,0,0
096360.jpg,1,0
096404.jpg,1,0
096423.jpg,0,0
096455.jpg,0,0
096459.jpg,1,0
096467.jpg,0,0
096644.jpg,0,0
096669.jpg,0,0
096749.jpg,0,0
096795.jpg,0,0
096853.jpg,0,0
096943.jpg,0,0
096974.jpg,0,0
097164.jpg,1,0
097249.jpg,0,0
097268.jpg,0,0
097357.jpg,0,0
097471.jpg,1,0
097492.jpg,1,0
097508.jpg,0,0
097555.jpg,0,0
097608.jpg,0,0
097796.jpg,0,0
097815.jpg,0,0
097853.jpg,0,0
097859.jpg,1,0
097872.jpg,0,0
097892.jpg,1,0
097966.jpg,1,0
098032.jpg,0,0
098046.jpg,0,0
098097.jpg,1,0
098123.jpg,0,0
098124.jpg,0,0
098176.jpg,0,0
098232.jpg,0,0
098236.jpg,0,0
098258.jpg,0,0
098301.jpg,0,0
098335.jpg,1,0
098337.jpg,1,0
098410.jpg,0,0
098428.jpg,0,0
098446.jpg,0,0
098518.jpg,0,0
098574.jpg,0,0
098583.jpg,1,0
098718.jpg,1,0
098745.jpg,0,0
098757.jpg,1,0
098793.jpg,0,0
098831.jpg,1,0
098838.jpg,0,0
098912.jpg,0,0
098987.jpg,0,0
098990.jpg,1,0
098992.jpg,0,0
099012.jpg,0,0
099076.jpg,0,0
099147.jpg,0,0
099180.jpg,0,0
099246.jpg,1,0
099278.jpg,0,0
099279.jpg,0,0
099311.jpg,0,0
099367.jpg,0,0
099387.jpg,0,0
099422.jpg,0,0
099431.jpg,1,0
099496.jpg,1,0
099517.jpg,1,0
099564.jpg,0,0
099639.jpg,0,0
099764.jpg,0,0
099769.jpg,1,0
099777.jpg,0,0
099801.jpg,1,0
099826.jpg,0,0
099877.jpg,0,0
100023.jpg,0,0
100079.jpg,0,0
100096.jpg,0,0
100114.jpg,0,0
100122.jpg,1,0
100163.jpg,0,0
100175.jpg,0,0
100190.jpg,0,0
100195.jpg,1,0
100216.jpg,0,0
100232.jpg,1,0
100403.jpg,1,0
100409.jpg,0,0
100432.jpg,0,0
100434.jpg,0,0
100465.jpg,1,0
100538.jpg,1,0
100554.jpg,0,0
100666.jpg,1,0
100679.jpg,0,0
100711.jpg,1,0
100846.jpg,0,0
100877.jpg,1,0
100916.jpg,1,0
101009.jpg,0,0
101062.jpg,1,0
101084.jpg,1,0
101103.jpg,0,0
101154.jpg,0,0
101177.jpg,0,0
101180.jpg,0,0
101221.jpg,1,0
101241.jpg,1,0
101345.jpg,0,0
101391.jpg,1,0
101464.jpg,1,0
101557.jpg,1,0
101561.jpg,0,0
101582.jpg,1,0
101606.jpg,0,0
101642.jpg,0,0
101708.jpg,0,0
101763.jpg,0,0
101783.jpg,0,0
101817.jpg,0,0
101851.jpg,0,0
102038.jpg,0,0
102093.jpg,0,0
102106.jpg,0,0
102185.jpg,1,0
102241.jpg,1,0
102292.jpg,1,0
102367.jpg,0,0
102378.jpg,0,0
102420.jpg,0,0
102625.jpg,1,0
102634.jpg,0,0
102645.jpg,1,0
102698.jpg,0,0
102709.jpg,0,0
102747.jpg,0,0
102821.jpg,1,0
102865.jpg,1,0
102867.jpg,0,0
102878.jpg,0,0
102913.jpg,1,0
102935.jpg,0,0
102936.jpg,1,0
103099.jpg,0,0
103146.jpg,0,0
103250.jpg,1,0
103262.jpg,1,0
103311.jpg,1,0
103410.jpg,0,0
103415.jpg,1,0
103439.jpg,1,0
103457.jpg,1,0
103464.jpg,0,0
103504.jpg,1,0
103510.jpg,1,0
103525.jpg,0,0
103560.jpg,0,0
103564.jpg,0,0
103567.jpg,0,0
103579.jpg,1,0
103602.jpg,1,0
103631.jpg,0,0
103643.jpg,1,0
103730.jpg,1,0
103754.jpg,0,0
103792.jpg,0,0
103816.jpg,1,0
104089.jpg,1,0
104113.jpg,0,0
104115.jpg,0,0
104227.jpg,0,0
104244.jpg,1,0
104417.jpg,0,0
104570.jpg,0,0
104576.jpg,1,0
104595.jpg,1,0
104777.jpg,0,0
104792.jpg,0,0
104802.jpg,0,0
104825.jpg,0,0
104944.jpg,1,0
104976.jpg,0,0
104994.jpg,0,0
105006.jpg,0,0
105150.jpg,0,0
105160.jpg,0,0
105161.jpg,0,0
105200.jpg,0,0
105355.jpg,1,0
105472.jpg,0,0
105490.jpg,1,0
105501.jpg,1,0
105598.jpg,0,0
105606.jpg,0,0
105674.jpg,1,0
105828.jpg,0,0
105863.jpg,0,0
105926.jpg,1,0
105950.jpg,0,0
105964.jpg,1,0
105980.jpg,0,0
105986.jpg,0,0
106017.jpg,0,0
106127.jpg,1,0
106164.jpg,0,0
106167.jpg,0,0
106192.jpg,0,0
106200.jpg,0,0
106253.jpg,0,0
106361.jpg,1,0
106478.jpg,0,0
106547.jpg,1,0
106593.jpg,0,0
106614.jpg,1,0
106620.jpg,0,0
106629.jpg,1,0
106643.jpg,1,0
106722.jpg,1,0
106794.jpg,1,0
106797.jpg,1,0
106800.jpg,0,0
106880.jpg,0,0
106912.jpg,0,0
106958.jpg,0,0
107074.jpg,0,0
107209.jpg,1,0
107210.jpg,1,0
107217.jpg,1,0
107229.jpg,0,0
107277.jpg,0,0
107306.jpg,1,0
107346.jpg,0,0
107353.jpg,0,0
107363.jpg,1,0
107369.jpg,0,0
107486.jpg,0,0
107503.jpg,0,0
107517.jpg,0,0
107536.jpg,1,0
107624.jpg,0,0
107717.jpg,0,0
108039.jpg,0,0
108059.jpg,0,0
108073.jpg,0,0
108094.jpg,1,0
108121.jpg,0,0
108181.jpg,1,0
108233.jpg,1,0
108276.jpg,0,0
108367.jpg,0,0
108387.jpg,0,0
108398.jpg,0,0
108405.jpg,1,0
108425.jpg,1,0
108540.jpg,1,0
108568.jpg,1,0
108617.jpg,0,0
108624.jpg,0,0
108644.jpg,0,0
108680.jpg,1,0
108698.jpg,0,0
108799.jpg,1,0
108858.jpg,0,0
108869.jpg,0,0
108931.jpg,1,0
108937.jpg,0,0
108989.jpg,0,0
109013.jpg,0,0
109047.jpg,1,0
109182.jpg,0,0
109192.jpg,0,0
109254.jpg,1,0
109263.jpg,1,0
109310.jpg,0,0
109411.jpg,1,0
109505.jpg,0,0
109509.jpg,0,0
109518.jpg,1,0
109576.jpg,0,0
109596.jpg,0,0
109677.jpg,1,0
109687.jpg,0,0
109701.jpg,1,0
109703.jpg,0,0
109721.jpg,0,0
109744.jpg,1,0
109805.jpg,1,0
109877.jpg,1,0
109883.jpg,0,0
109897.jpg,1,0
109947.jpg,0,0
109959.jpg,0,0
109979.jpg,0,0
110003.jpg,1,0
110086.jpg,0,0
110250.jpg,1,0
110387.jpg,1,0
110439.jpg,0,0
110446.jpg,0,0
110502.jpg,1,0
110536.jpg,1,0
110574.jpg,0,0
110733.jpg,0,0
110756.jpg,1,0
110759.jpg,0,0
110770.jpg,1,0
110815.jpg,1,0
110900.jpg,1,0
110918.jpg,1,0
111009.jpg,0,0
111033.jpg,0,0
111052.jpg,1,0
111086.jpg,0,0
111104.jpg,1,0
111235.jpg,0,0
111344.jpg,0,0
111408.jpg,1,0
111413.jpg,0,0
111414.jpg,1,0
111420.jpg,1,0
111428.jpg,0,0
111430.jpg,0,0
111449.jpg,1,0
111457.jpg,1,0
111493.jpg,1,0
111574.jpg,0,0
111589.jpg,0,0
111600.jpg,0,0
111690.jpg,0,0
111771.jpg,0,0
111881.jpg,0,0
111885.jpg,0,0
111893.jpg,0,0
111902.jpg,0,0
111927.jpg,0,0
111980.jpg,1,0
112013.jpg,1,0
112086.jpg,0,0
112158.jpg,1,0
112180.jpg,1,0
112213.jpg,1,0
112242.jpg,1,0
112327.jpg,0,0
112347.jpg,1,0
112357.jpg,0,0
112381.jpg,0,0
112410.jpg,0,0
112434.jpg,1,0
112465.jpg,1,0
112468.jpg,0,0
112529.jpg,1,0
112579.jpg,0,0
112620.jpg,1,0
112679.jpg,0,0
112743.jpg,0,0
112747.jpg,0,0
112774.jpg,0,0
112807.jpg,0,0
112818.jpg,0,0
112902.jpg,0,0
112990.jpg,1,0
113022.jpg,1,0
113059.jpg,1,0
113104.jpg,0,0
113179.jpg,0,0
113211.jpg,0,0
113213.jpg,1,0
113228.jpg,1,0
113230.jpg,1,0
113261.jpg,1,0
113268.jpg,1,0
113282.jpg,1,0
113441.jpg,0,0
113482.jpg,1,0
113570.jpg,0,0
113580.jpg,0,0
113614.jpg,0,0
113617.jpg,1,0
113636.jpg,0,0
113739.jpg,0,0
113758.jpg,1,0
113816.jpg,0,0
113866.jpg,1,0
113880.jpg,1,0
113892.jpg,0,0
113907.jpg,0,0
113916.jpg,0,0
113930.jpg,0,0
113979.jpg,1,0
113984.jpg,0,0
113993.jpg,0,0
114010.jpg,1,0
114107.jpg,0,0
114117.jpg,1,0
114141.jpg,1,0
114191.jpg,0,0
114297.jpg,1,0
114323.jpg,0,0
114355.jpg,0,0
114417.jpg,0,0
114444.jpg,0,0
114479.jpg,0,0
114598.jpg,0,0
114674.jpg,0,0
114758.jpg,1,0
114866.jpg,1,0
114961.jpg,0,0
114989.jpg,1,0
114994.jpg,1,0
115023.jpg,1,0
115117.jpg,0,0
115131.jpg,0,0
115235.jpg,0,0
115269.jpg,0,0
115290.jpg,1,0
115327.jpg,1,0
115389.jpg,0,0
115403.jpg,1,0
115486.jpg,0,0
115497.jpg,1,0
115505.jpg,0,0
115524.jpg,1,0
115657.jpg,1,0
115683.jpg,1,0
115691.jpg,0,0
115739.jpg,1,0
115768.jpg,1,0
115785.jpg,1,0
115865.jpg,1,0
115908.jpg,0,0
115931.jpg,0,0
116002.jpg,1,0
116073.jpg,0,0
116091.jpg,0,0
116105.jpg,0,0
116187.jpg,0,0
116188.jpg,0,0
116201.jpg,0,0
116203.jpg,0,0
116204.jpg,1,0
116263.jpg,0,0
116270.jpg,0,0
116326.jpg,1,0
116408.jpg,0,0
116484.jpg,1,0
116488.jpg,0,0
116506.jpg,1,0
116548.jpg,1,0
116559.jpg,1,0
116628.jpg,0,0
116655.jpg,0,0
116694.jpg,0,0
116832.jpg,1,0
116839.jpg,0,0
116852.jpg,1,0
116941.jpg,0,0
117046.jpg,0,0
117118.jpg,1,0
117225.jpg,1,0
117227.jpg,0,0
117232.jpg,1,0
117362.jpg,0,0
117410.jpg,0,0
117443.jpg,0,0
117461.jpg,1,0
117479.jpg,0,0
117501.jpg,0,0
117513.jpg,1,0
117581.jpg,0,0
117667.jpg,1,0
117668.jpg,0,0
117742.jpg,0,0
117747.jpg,0,0
117827.jpg,0,0
117842.jpg,0,0
117853.jpg,1,0
117932.jpg,0,0
118005.jpg,1,0
118034.jpg,1,0
118052.jpg,0,0
118092.jpg,0,0
118123.jpg,1,0
118181.jpg,1,0
118206.jpg,1,0
118325.jpg,0,0
118327.jpg,1,0
118361.jpg,0,0
118379.jpg,1,0
118428.jpg,0,0
118433.jpg,0,0
118434.jpg,0,0
118448.jpg,0,0
118478.jpg,1,0
118538.jpg,0,0
118661.jpg,0,0
118778.jpg,1,0
118900.jpg,0,0
118949.jpg,0,0
119038.jpg,0,0
119051.jpg,1,0
119055.jpg,1,0
119135.jpg,1,0
119163.jpg,0,0
119192.jpg,0,0
119273.jpg,0,0
119357.jpg,0,0
119435.jpg,1,0
119478.jpg,0,0
119527.jpg,0,0
119561.jpg,1,0
119567.jpg,0,0
119568.jpg,1,0
119587.jpg,1,0
119611.jpg,0,0
119653.jpg,0,0
119678.jpg,0,0
119682.jpg,0,0
119686.jpg,1,0
119693.jpg,0,0
119733.jpg,1,0
119734.jpg,0,0
119741.jpg,0,0
119816.jpg,0,0
119940.jpg,0,0
119995.jpg,0,0
120004.jpg,0,0
120022.jpg,1,0
120065.jpg,0,0
120103.jpg,1,0
120212.jpg,0,0
120244.jpg,0,0
120252.jpg,0,0
120258.jpg,1,0
120322.jpg,1,0
120372.jpg,0,0
120390.jpg,0,0
120391.jpg,0,0
120504.jpg,0,0
120507.jpg,1,0
120543.jpg,1,0
120599.jpg,1,0
120607.jpg,0,0
120627.jpg,1,0
120642.jpg,0,0
120646.jpg,1,0
120718.jpg,0,0
120795.jpg,1,0
120847.jpg,0,0
120860.jpg,0,0
120877.jpg,1,0
120908.jpg,0,0
120938.jpg,1,0
120955.jpg,0,0
120971.jpg,0,0
120975.jpg,0,0
120990.jpg,0,0
121055.jpg,1,0
121070.jpg,0,0
121161.jpg,0,0
121163.jpg,0,0
121203.jpg,0,0
121243.jpg,1,0
121309.jpg,1,0
121496.jpg,1,0
121561.jpg,0,0
121603.jpg,0,0
121704.jpg,0,0
121742.jpg,1,0
121762.jpg,1,0
121788.jpg,1,0
121822.jpg,1,0
121842.jpg,1,0
121937.jpg,0,0
121950.jpg,1,0
122009.jpg,0,0
122039.jpg,1,0
122143.jpg,1,0
122145.jpg,1,0
122153.jpg,0,0
122166.jpg,1,0
122169.jpg,0,0
122192.jpg,0,0
122279.jpg,1,0
122315.jpg,1,0
122326.jpg,0,0
122419.jpg,0,0
122488.jpg,1,0
122501.jpg,0,0
122512.jpg,0,0
122602.jpg,1,0
122681.jpg,0,0
122683.jpg,0,0
122740.jpg,0,0
122747.jpg,1,0
122802.jpg,0,0
122822.jpg,1,0
122866.jpg,1,0
122908.jpg,1,0
122947.jpg,1,0
123005.jpg,0,0
123089.jpg,0,0
123156.jpg,0,0
123178.jpg,0,0
123186.jpg,1,0
123213.jpg,0,0
123284.jpg,1,0
123300.jpg,1,0
123372.jpg,0,0
123374.jpg,0,0
123400.jpg,0,0
123407.jpg,0,0
123487.jpg,0,0
123514.jpg,1,0
123615.jpg,1,0
123622.jpg,0,0
123661.jpg,0,0
123693.jpg,0,0
123776.jpg,1,0
123795.jpg,1,0
123819.jpg,0,0
123835.jpg,1,0
123929.jpg,0,0
124022.jpg,1,0
124207.jpg,0,0
124210.jpg,1,0
124250.jpg,0,0
124279.jpg,0,0
124339.jpg,0,0
124345.jpg,1,0
124346.jpg,0,0
124365.jpg,0,0
124438.jpg,0,0
124534.jpg,0,0
124559.jpg,1,0
124603.jpg,0,0
124686.jpg,0,0
124704.jpg,1,0
124819.jpg,1,0
124824.jpg,1,0
124838.jpg,1,0
124857.jpg,1,0
124865.jpg,1,0
124904.jpg,0,0
124919.jpg,1,0
125013.jpg,0,0
125026.jpg,1,0
125028.jpg,1,0
125045.jpg,1,0
125062.jpg,1,0
125403.jpg,0,0
125404.jpg,0,0
125464.jpg,1,0
125534.jpg,0,0
125599.jpg,1,0
125670.jpg,0,0
125675.jpg,0,0
125710.jpg,0,0
125753.jpg,1,0
125768.jpg,0,0
125803.jpg,1,0
125826.jpg,1,0
125862.jpg,1,0
125871.jpg,1,0
125880.jpg,0,0
125904.jpg,1,0
125989.jpg,1,0
126038.jpg,1,0
126061.jpg,0,0
126098.jpg,1,0
126186.jpg,0,0
126227.jpg,0,0
126265.jpg,1,0
126266.jpg,1,0
126270.jpg,0,0
126409.jpg,0,0
126444.jpg,1,0
126502.jpg,0,0
126519.jpg,0,0
126551.jpg,1,0
126569.jpg,0,0
126577.jpg,0,0
126598.jpg,1,0
126613.jpg,0,0
126620.jpg,1,0
126716.jpg,0,0
126728.jpg,0,0
126790.jpg,0,0
126835.jpg,1,0
126880.jpg,1,0
127031.jpg,0,0
127172.jpg,1,0
127180.jpg,0,0
127192.jpg,1,0
127374.jpg,0,0
127411.jpg,0,0
127416.jpg,0,0
127446.jpg,0,0
127485.jpg,0,0
127488.jpg,0,0
127519.jpg,1,0
127541.jpg,0,0
127572.jpg,1,0
127624.jpg,0,0
127653.jpg,0,0
127721.jpg,0,0
127818.jpg,0,0
127855.jpg,1,0
127870.jpg,0,0
127878.jpg,0,0
127962.jpg,0,0
127965.jpg,0,0
127971.jpg,0,0
128021.jpg,1,0
128123.jpg,0,0
128130.jpg,0,0
128158.jpg,1,0
128175.jpg,0,0
128219.jpg,0,0
128229.jpg,1,0
128252.jpg,1,0
128266.jpg,1,0
128353.jpg,1,0
128360.jpg,0,0
128399.jpg,1,0
128409.jpg,0,0
128411.jpg,0,0
128433.jpg,1,0
128506.jpg,1,0
128545.jpg,0,0
128628.jpg,0,0
128631.jpg,1,0
128637.jpg,0,0
128694.jpg,1,0
128797.jpg,1,0
128802.jpg,0,0
128809.jpg,1,0
128816.jpg,1,0
128899.jpg,0,0
128911.jpg,0,0
128925.jpg,1,0
128937.jpg,1,0
129002.jpg,0,0
129023.jpg,0,0
129064.jpg,1,0
129067.jpg,0,0
129107.jpg,0,0
129152.jpg,1,0
129195.jpg,1,0
129208.jpg,0,0
129275.jpg,0,0
129288.jpg,1,0
129307.jpg,0,0
129334.jpg,0,0
129341.jpg,1,0
129371.jpg,0,0
129451.jpg,1,0
129568.jpg,1,0
129585.jpg,0,0
129622.jpg,1,0
129630.jpg,1,0
129651.jpg,1,0
129671.jpg,0,0
129715.jpg,0,0
129722.jpg,0,0
129790.jpg,0,0
129911.jpg,0,0
129916.jpg,1,0
129972.jpg,1,0
129980.jpg,0,0
130037.jpg,0,0
130108.jpg,0,0
130131.jpg,1,0
130253.jpg,1,0
130261.jpg,0,0
130292.jpg,1,0
130513.jpg,0,0
130568.jpg,0,0
130656.jpg,0,0
130671.jpg,1,0
130747.jpg,0,0
130792.jpg,0,0
130853.jpg,0,0
130855.jpg,1,0
130866.jpg,0,0
130878.jpg,1,0
130948.jpg,1,0
130951.jpg,0,0
130964.jpg,0,0
130987.jpg,1,0
131068.jpg,1,0
131144.jpg,1,0
131148.jpg,0,0
131190.jpg,0,0
131218.jpg,1,0
131393.jpg,0,0
131410.jpg,0,0
131426.jpg,1,0
131454.jpg,0,0
131459.jpg,0,0
131462.jpg,1,0
131502.jpg,1,0
131566.jpg,0,0
131585.jpg,0,0
131608.jpg,0,0
131613.jpg,1,0
131619.jpg,0,0
131756.jpg,0,0
131787.jpg,1,0
131874.jpg,0,0
131891.jpg,1,0
131911.jpg,0,0
132047.jpg,0,0
132053.jpg,0,0
132075.jpg,0,0
132087.jpg,1,0
132101.jpg,0,0
132113.jpg,1,0
132133.jpg,1,0
132136.jpg,1,0
132175.jpg,1,0
132189.jpg,0,0
132256.jpg,1,0
132284.jpg,0,0
132318.jpg,0,0
132389.jpg,0,0
132401.jpg,1,0
132444.jpg,0,0
132476.jpg,0,0
132574.jpg,0,0
132620.jpg,0,0
132701.jpg,0,0
132702.jpg,1,0
132706.jpg,0,0
132759.jpg,0,0
132796.jpg,1,0
132807.jpg,1,0
132950.jpg,1,0
133043.jpg,0,0
133062.jpg,0,0
133066.jpg,1,0
133149.jpg,0,0
133181.jpg,1,0
133220.jpg,1,0
133229.jpg,0,0
133335.jpg,1,0
133341.jpg,0,0
133411.jpg,1,0
133422.jpg,1,0
133426.jpg,0,0
133439.jpg,1,0
133455.jpg,1,0
133459.jpg,0,0
133469.jpg,0,0
133479.jpg,0,0
133480.jpg,0,0
133529.jpg,0,0
133612.jpg,1,0
133639.jpg,0,0
133650.jpg,0,0
133692.jpg,0,0
133695.jpg,0,0
133710.jpg,0,0
133834.jpg,0,0
133900.jpg,0,0
133904.jpg,1,0
133945.jpg,0,0
133948.jpg,0,0
133990.jpg,0,0
134016.jpg,1,0
134065.jpg,0,0
134077.jpg,0,0
134098.jpg,1,0
134099.jpg,1,0
134123.jpg,0,0
134275.jpg,1,0
134322.jpg,1,0
134336.jpg,0,0
134407.jpg,0,0
134438.jpg,1,0
134457.jpg,0,0
134477.jpg,0,0
134535.jpg,1,0
134609.jpg,1,0
134653.jpg,1,0
134671.jpg,0,0
134691.jpg,0,0
134747.jpg,0,0
134768.jpg,1,0
134806.jpg,0,0
134839.jpg,0,0
134854.jpg,1,0
134889.jpg,0,0
134897.jpg,1,0
134919.jpg,0,0
134970.jpg,1,0
134986.jpg,0,0
135052.jpg,1,0
135160.jpg,0,0
135173.jpg,1,0
135232.jpg,0,0
135289.jpg,0,0
135319.jpg,1,0
135364.jpg,0,0
135375.jpg,0,0
135446.jpg,1,0
135470.jpg,0,0
135503.jpg,1,0
135557.jpg,1,0
135584.jpg,0,0
135634.jpg,1,0
135665.jpg,0,0
135686.jpg,0,0
135725.jpg,1,0
135755.jpg,0,0
135817.jpg,1,0
135841.jpg,1,0
135872.jpg,1,0
135946.jpg,0,0
136054.jpg,1,0
136170.jpg,1,0
136187.jpg,0,0
136189.jpg,1,0
136281.jpg,0,0
136326.jpg,1,0
136331.jpg,1,0
136375.jpg,1,0
136396.jpg,1,0
136429.jpg,1,0
136483.jpg,0,0
136513.jpg,1,0
136534.jpg,1,0
136581.jpg,0,0
136584.jpg,0,0
136758.jpg,0,0
136813.jpg,0,0
136837.jpg,0,0
137085.jpg,0,0
137197.jpg,0,0
137231.jpg,1,0
137241.jpg,0,0
137245.jpg,1,0
137277.jpg,0,0
137297.jpg,1,0
137304.jpg,1,0
137315.jpg,0,0
137329.jpg,1,0
137345.jpg,0,0
137346.jpg,0,0
137371.jpg,1,0
137376.jpg,1,0
137378.jpg,0,0
137413.jpg,1,0
137441.jpg,0,0
137448.jpg,0,0
137464.jpg,0,0
137499.jpg,0,0
137515.jpg,0,0
137557.jpg,1,0
137562.jpg,0,0
137579.jpg,1,0
137596.jpg,1,0
137601.jpg,0,0
137648.jpg,0,0
137674.jpg,1,0
137725.jpg,1,0
137754.jpg,0,0
137836.jpg,1,0
137844.jpg,0,0
137860.jpg,0,0
137871.jpg,1,0
137909.jpg,0,0
138049.jpg,0,0
138134.jpg,1,0
138156.jpg,0,0
138162.jpg,1,0
138209.jpg,1,0
138212.jpg,1,0
138213.jpg,0,0
138353.jpg,1,0
138369.jpg,0,0
138425.jpg,1,0
138464.jpg,1,0
138473.jpg,0,0
138534.jpg,0,0
138542.jpg,1,0
138576.jpg,1,0
138591.jpg,0,0
138598.jpg,0,0
138606.jpg,0,0
138768.jpg,1,0
138881.jpg,0,0
138886.jpg,0,0
138897.jpg,0,0
138907.jpg,1,0
138973.jpg,0,0
139006.jpg,0,0
139017.jpg,1,0
139020.jpg,0,0
139109.jpg,0,0
139126.jpg,1,0
139132.jpg,1,0
139266.jpg,0,0
139283.jpg,0,0
139338.jpg,1,0
139339.jpg,1,0
139366.jpg,1,0
139378.jpg,0,0
139406.jpg,1,0
139457.jpg,1,0
139471.jpg,1,0
139514.jpg,1,0
139521.jpg,1,0
139590.jpg,0,0
139594.jpg,0,0
139611.jpg,1,0
139623.jpg,0,0
139635.jpg,0,0
139666.jpg,1,0
139722.jpg,1,0
139728.jpg,0,0
139732.jpg,1,0
139747.jpg,1,0
139758.jpg,0,0
139832.jpg,1,0
139835.jpg,0,0
139881.jpg,1,0
139887.jpg,0,0
139893.jpg,0,0
139895.jpg,0,0
139925.jpg,1,0
139932.jpg,0,0
139971.jpg,1,0
139978.jpg,1,0
140132.jpg,0,0
140166.jpg,1,0
140189.jpg,1,0
140223.jpg,1,0
140366.jpg,0,0
140422.jpg,1,0
140446.jpg,0,0
140504.jpg,0,0
140546.jpg,0,0
140570.jpg,1,0
140649.jpg,0,0
140687.jpg,1,0
140723.jpg,0,0
140798.jpg,1,0
140843.jpg,0,0
140844.jpg,0,0
140867.jpg,1,0
140871.jpg,1,0
140930.jpg,1,0
140938.jpg,1,0
140954.jpg,0,0
140978.jpg,0,0
140986.jpg,0,0
141043.jpg,0,0
141067.jpg,1,0
141089.jpg,0,0
141123.jpg,1,0
141161.jpg,1,0
141323.jpg,1,0
141412.jpg,1,0
141418.jpg,1,0
141510.jpg,0,0
141649.jpg,1,0
141662.jpg,1,0
141672.jpg,0,0
141716.jpg,0,0
141741.jpg,0,0
141794.jpg,1,0
141820.jpg,0,0
141822.jpg,1,0
141825.jpg,0,0
141830.jpg,0,0
141847.jpg,0,0
141862.jpg,1,0
141894.jpg,1,0
141916.jpg,0,0
141990.jpg,0,0
142015.jpg,0,0
142020.jpg,0,0
142057.jpg,1,0
142060.jpg,1,0
142089.jpg,1,0
142142.jpg,0,0
142223.jpg,1,0
142237.jpg,1,0
142246.jpg,0,0
142262.jpg,0,0
142296.jpg,0,0
142313.jpg,0,0
142340.jpg,1,0
142445.jpg,0,0
142486.jpg,1,0
142499.jpg,0,0
142502.jpg,0,0
142563.jpg,0,0
142586.jpg,1,0
142646.jpg,1,0
142664.jpg,1,0
142676.jpg,0,0
142705.jpg,1,0
142729.jpg,0,0
142740.jpg,1,0
142792.jpg,1,0
142807.jpg,1,0
142819.jpg,0,0
142834.jpg,0,0
142891.jpg,0,0
142917.jpg,0,0
142940.jpg,1,0
142943.jpg,1,0
142967.jpg,1,0
143015.jpg,1,0
143055.jpg,1,0
143093.jpg,1,0
143103.jpg,1,0
143162.jpg,1,0
143192.jpg,0,0
143203.jpg,1,0
143246.jpg,0,0
143255.jpg,1,0
143308.jpg,0,0
143402.jpg,1,0
143433.jpg,1,0
143474.jpg,1,0
143490.jpg,0,0
143574.jpg,1,0
143581.jpg,0,0
143593.jpg,0,0
143612.jpg,0,0
143617.jpg,0,0
143624.jpg,0,0
143641.jpg,1,0
143646.jpg,0,0
143723.jpg,0,0
143743.jpg,0,0
143759.jpg,1,0
143873.jpg,0,0
143905.jpg,1,0
143951.jpg,0,0
143970.jpg,0,0
144002.jpg,1,0
144075.jpg,1,0
144164.jpg,0,0
144180.jpg,1,0
144210.jpg,1,0
144215.jpg,1,0
144223.jpg,1,0
144229.jpg,0,0
144249.jpg,1,0
144313.jpg,1,0
144352.jpg,1,0
144371.jpg,0,0
144382.jpg,0,0
144384.jpg,0,0
144409.jpg,1,0
144410.jpg,1,0
144461.jpg,1,0
144503.jpg,1,0
144548.jpg,0,0
144550.jpg,0,0
144594.jpg,0,0
144602.jpg,1,0
144670.jpg,0,0
144688.jpg,0,0
144697.jpg,0,0
144763.jpg,0,0
144818.jpg,0,0
144893.jpg,1,0
144904.jpg,0,0
144937.jpg,1,0
144965.jpg,0,0
145034.jpg,0,0
145133.jpg,0,0
145154.jpg,0,0
145180.jpg,0,0
145202.jpg,0,0
145261.jpg,0,0
145309.jpg,0,0
145331.jpg,1,0
145334.jpg,1,0
145448.jpg,0,0
145470.jpg,0,0
145547.jpg,0,0
145607.jpg,0,0
145664.jpg,0,0
145689.jpg,1,0
145742.jpg,0,0
145776.jpg,1,0
145851.jpg,0,0
145875.jpg,0,0
145884.jpg,1,0
145965.jpg,1,0
145987.jpg,1,0
145999.jpg,0,0
146067.jpg,1,0
146069.jpg,0,0
146099.jpg,0,0
146143.jpg,0,0
146169.jpg,1,0
146221.jpg,0,0
146235.jpg,0,0
146301.jpg,1,0
146318.jpg,1,0
146493.jpg,0,0
146516.jpg,1,0
146534.jpg,1,0
146638.jpg,1,0
146795.jpg,0,0
146804.jpg,0,0
146820.jpg,0,0
146917.jpg,1,0
146962.jpg,1,0
146985.jpg,0,0
147016.jpg,0,0
147037.jpg,1,0
147046.jpg,0,0
147165.jpg,1,0
147184.jpg,0,0
147227.jpg,0,0
147307.jpg,0,0
147405.jpg,1,0
147424.jpg,0,0
147434.jpg,0,0
147455.jpg,0,0
147457.jpg,1,0
147488.jpg,0,0
147526.jpg,1,0
147530.jpg,1,0
147605.jpg,1,0
147637.jpg,1,0
147643.jpg,0,0
147680.jpg,0,0
147715.jpg,1,0
147716.jpg,0,0
147774.jpg,0,0
147778.jpg,0,0
147857.jpg,0,0
147877.jpg,0,0
147886.jpg,1,0
147930.jpg,1,0
147954.jpg,0,0
147959.jpg,0,0
148007.jpg,0,0
148045.jpg,0,0
148048.jpg,1,0
148050.jpg,0,0
148116.jpg,0,0
148289.jpg,0,0
148295.jpg,1,0
148297.jpg,0,0
148304.jpg,0,0
148323.jpg,0,0
148327.jpg,0,0
148339.jpg,1,0
148357.jpg,0,0
148399.jpg,0,0
148458.jpg,0,0
148494.jpg,0,0
148515.jpg,0,0
148534.jpg,0,0
148560.jpg,1,0
148633.jpg,1,0
148749.jpg,0,0
148900.jpg,0,0
148972.jpg,0,0
148988.jpg,0,0
149021.jpg,1,0
149023.jpg,1,0
149085.jpg,0,0
149198.jpg,0,0
149272.jpg,0,0
149303.jpg,0,0
149304.jpg,0,0
149337.jpg,1,0
149445.jpg,0,0
149459.jpg,0,0
149502.jpg,0,0
149582.jpg,0,0
149603.jpg,1,0
149605.jpg,0,0
149637.jpg,0,0
149669.jpg,0,0
149675.jpg,0,0
149705.jpg,1,0
149792.jpg,1,0
149801.jpg,1,0
149866.jpg,0,0
149915.jpg,1,0
149948.jpg,1,0
150031.jpg,1,0
150075.jpg,0,0
150092.jpg,1,0
150169.jpg,1,0
150193.jpg,0,0
150206.jpg,0,0
150218.jpg,0,0
150228.jpg,0,0
150267.jpg,0,0
150328.jpg,0,0
150353.jpg,1,0
150366.jpg,0,0
150377.jpg,0,0
150507.jpg,0,0
150511.jpg,0,0
150512.jpg,1,0
150519.jpg,0,0
150542.jpg,1,0
150589.jpg,1,0
150631.jpg,1,0
150648.jpg,1,0
150683.jpg,0,0
150688.jpg,0,0
150698.jpg,0,0
150699.jpg,0,0
150707.jpg,0,0
150717.jpg,1,0
150741.jpg,0,0
150879.jpg,0,0
150908.jpg,0,0
150974.jpg,1,0
150981.jpg,0,0
151053.jpg,0,0
151122.jpg,1,0
151129.jpg,0,0
151152.jpg,1,0
151212.jpg,1,0
151243.jpg,0,0
151284.jpg,1,0
151288.jpg,1,0
151362.jpg,0,0
151367.jpg,0,0
151414.jpg,0,0
151442.jpg,0,0
151465.jpg,0,0
151504.jpg,0,0
151517.jpg,0,0
151526.jpg,1,0
151546.jpg,1,0
151547.jpg,1,0
151620.jpg,1,0
151641.jpg,0,0
151714.jpg,0,0
151724.jpg,0,0
151801.jpg,1,0
151802.jpg,0,0
151846.jpg,0,0
151869.jpg,0,0
151945.jpg,0,0
152003.jpg,0,0
152004.jpg,0,0
152076.jpg,0,0
152080.jpg,1,0
152177.jpg,0,0
152279.jpg,0,0
152439.jpg,1,0
152460.jpg,0,0
152466.jpg,1,0
152467.jpg,1,0
152479.jpg,1,0
152516.jpg,0,0
152566.jpg,1,0
152577.jpg,1,0
152658.jpg,1,0
152677.jpg,1,0
152685.jpg,0,0
152691.jpg,0,0
152692.jpg,1,0
152701.jpg,0,0
152705.jpg,0,0
152728.jpg,0,0
152786.jpg,0,0
152825.jpg,1,0
152900.jpg,0,0
152965.jpg,1,0
152971.jpg,0,0
152987.jpg,0,0
153001.jpg,0,0
153014.jpg,1,0
153060.jpg,1,0
153153.jpg,1,0
153178.jpg,0,0
153229.jpg,0,0
153278.jpg,0,0
153310.jpg,1,0
153331.jpg,0,0
153377.jpg,1,0
153401.jpg,1,0
153453.jpg,1,0
153461.jpg,0,0
153475.jpg,1,0
153504.jpg,0,0
153522.jpg,1,0
153607.jpg,0,0
153626.jpg,1,0
153635.jpg,0,0
153691.jpg,1,0
153759.jpg,1,0
153777.jpg,1,0
153808.jpg,0,0
153824.jpg,0,0
153844.jpg,0,0
153888.jpg,1,0
153964.jpg,1,0
153972.jpg,0,0
154027.jpg,0,0
154107.jpg,0,0
154110.jpg,1,0
154128.jpg,1,0
154239.jpg,0,0
154249.jpg,0,0
154278.jpg,0,0
154289.jpg,0,0
154295.jpg,1,0
154299.jpg,0,0
154302.jpg,0,0
154318.jpg,1,0
154394.jpg,0,0
154432.jpg,0,0
154445.jpg,1,0
154465.jpg,0,0
154493.jpg,1,0
154505.jpg,0,0
154515.jpg,0,0
154579.jpg,1,0
154606.jpg,1,0
154616.jpg,0,0
154671.jpg,0,0
154717.jpg,0,0
154805.jpg,0,0
154877.jpg,0,0
154888.jpg,0,0
154927.jpg,0,0
154982.jpg,1,0
155025.jpg,1,0
155030.jpg,1,0
155033.jpg,0,0
155105.jpg,0,0
155107.jpg,1,0
155130.jpg,0,0
155182.jpg,1,0
155200.jpg,1,0
155271.jpg,1,0
155292.jpg,1,0
155300.jpg,0,0
155345.jpg,0,0
155434.jpg,1,0
155458.jpg,0,0
155616.jpg,1,0
155620.jpg,0,0
155650.jpg,1,0
155770.jpg,0,0
155810.jpg,0,0
155844.jpg,1,0
155849.jpg,0,0
155920.jpg,0,0
155940.jpg,1,0
156071.jpg,1,0
156110.jpg,0,0
156141.jpg,1,0
156168.jpg,0,0
156177.jpg,1,0
156311.jpg,1,0
156405.jpg,0,0
156408.jpg,0,0
156572.jpg,1,0
156669.jpg,0,0
156685.jpg,0,0
156765.jpg,0,0
156884.jpg,0,0
156920.jpg,0,0
156955.jpg,1,0
156997.jpg,1,0
157063.jpg,0,0
157119.jpg,1,0
157124.jpg,0,0
157137.jpg,0,0
157170.jpg,1,0
157187.jpg,1,0
157191.jpg,1,0
157242.jpg,0,0
157253.jpg,0,0
157333.jpg,1,0
157437.jpg,0,0
157629.jpg,0,0
157680.jpg,0,0
157683.jpg,0,0
157725.jpg,0,0
157753.jpg,1,0
157762.jpg,0,0
157788.jpg,1,0
157799.jpg,1,0
157866.jpg,0,0
157875.jpg,1,0
157895.jpg,0,0
157981.jpg,1,0
157994.jpg,1,0
158021.jpg,0,0
158162.jpg,0,0
158285.jpg,0,0
158334.jpg,1,0
158335.jpg,0,0
158358.jpg,0,0
158373.jpg,1,0
158402.jpg,0,0
158450.jpg,1,0
158608.jpg,1,0
158636.jpg,0,0
158638.jpg,1,0
158677.jpg,0,0
158747.jpg,0,0
158756.jpg,1,0
158922.jpg,0,0
158942.jpg,0,0
158984.jpg,0,0
159003.jpg,0,0
159081.jpg,0,0
159126.jpg,0,0
159152.jpg,0,0
159226.jpg,1,0
159328.jpg,0,0
159412.jpg,0,0
159424.jpg,0,0
159444.jpg,0,0
159454.jpg,1,0
159491.jpg,0,0
159493.jpg,1,0
159543.jpg,0,0
159570.jpg,1,0
159580.jpg,1,0
159581.jpg,0,0
159589.jpg,1,0
159609.jpg,1,0
159627.jpg,1,0
159883.jpg,1,0
159904.jpg,0,0
159910.jpg,1,0
159952.jpg,0,0
159970.jpg,0,0
159991.jpg,1,0
159994.jpg,1,0
160014.jpg,1,0
160075.jpg,1,0
160094.jpg,0,0
160168.jpg,0,0
160209.jpg,1,0
160275.jpg,0,0
160302.jpg,1,0
160322.jpg,1,0
160351.jpg,0,0
160360.jpg,0,0
160575.jpg,1,0
160576.jpg,0,0
160624.jpg,0,0
160663.jpg,1,0
160701.jpg,0,0
160716.jpg,0,0
160764.jpg,0,0
160812.jpg,0,0
160959.jpg,0,0
160985.jpg,0,0
161263.jpg,1,0
161265.jpg,0,0
161341.jpg,0,0
161393.jpg,0,0
161412.jpg,0,0
161417.jpg,1,0
161450.jpg,0,0
161471.jpg,1,0
161481.jpg,0,0
161490.jpg,0,0
161499.jpg,0,0
161518.jpg,1,0
161590.jpg,0,0
161601.jpg,1,0
161635.jpg,1,0
161677.jpg,0,0
161746.jpg,0,0
161770.jpg,1,0
161805.jpg,0,0
161847.jpg,0,0
161951.jpg,1,0
162122.jpg,0,0
162189.jpg,0,0
162191.jpg,0,0
162243.jpg,0,0
162273.jpg,0,0
162274.jpg,1,0
162315.jpg,1,0
162341.jpg,0,0
162383.jpg,0,0
162396.jpg,1,0
162413.jpg,0,0
162448.jpg,0,0
162465.jpg,0,0
162571.jpg,1,0
162637.jpg,0,0
162722.jpg,0,0
162729.jpg,0,0
